,epoch,status,utc,pst
0,1637556312000.0,0.0,2021-11-22 04:45:12,2021-11-21 15:15:12
1,1637556372000.0,0.0,2021-11-22 04:46:12,2021-11-21 15:16:12
2,1637556432000.0,0.0,2021-11-22 04:47:12,2021-11-21 15:17:12
3,1637556492000.0,0.0,2021-11-22 04:48:12,2021-11-21 15:18:12
4,1637556552000.0,0.0,2021-11-22 04:49:12,2021-11-21 15:19:12
5,1637556612000.0,0.0,2021-11-22 04:50:12,2021-11-21 15:20:12
6,1637556672000.0,0.0,2021-11-22 04:51:12,2021-11-21 15:21:12
7,1637556732000.0,0.0,2021-11-22 04:52:12,2021-11-21 15:22:12
8,1637556792000.0,0.0,2021-11-22 04:53:12,2021-11-21 15:23:12
9,1637556852000.0,0.0,2021-11-22 04:54:12,2021-11-21 15:24:12
10,1637556912000.0,0.0,2021-11-22 04:55:12,2021-11-21 15:25:12
11,1637556972000.0,0.0,2021-11-22 04:56:12,2021-11-21 15:26:12
12,1637557032000.0,0.0,2021-11-22 04:57:12,2021-11-21 15:27:12
13,1637557092000.0,0.0,2021-11-22 04:58:12,2021-11-21 15:28:12
14,1637557152000.0,0.0,2021-11-22 04:59:12,2021-11-21 15:29:12
15,1637557212000.0,0.0,2021-11-22 05:00:12,2021-11-21 15:30:12
16,1637557272000.0,0.0,2021-11-22 05:01:12,2021-11-21 15:31:12
17,1637557332000.0,0.0,2021-11-22 05:02:12,2021-11-21 15:32:12
18,1637557392000.0,0.0,2021-11-22 05:03:12,2021-11-21 15:33:12
19,1637557452000.0,0.0,2021-11-22 05:04:12,2021-11-21 15:34:12
20,1637557512000.0,0.0,2021-11-22 05:05:12,2021-11-21 15:35:12
21,1637557572000.0,0.0,2021-11-22 05:06:12,2021-11-21 15:36:12
22,1637557632000.0,0.0,2021-11-22 05:07:12,2021-11-21 15:37:12
23,1637557692000.0,0.0,2021-11-22 05:08:12,2021-11-21 15:38:12
24,1637557752000.0,0.0,2021-11-22 05:09:12,2021-11-21 15:39:12
25,1637557812000.0,0.0,2021-11-22 05:10:12,2021-11-21 15:40:12
26,1637557872000.0,0.0,2021-11-22 05:11:12,2021-11-21 15:41:12
27,1637557932000.0,0.0,2021-11-22 05:12:12,2021-11-21 15:42:12
28,1637557992000.0,0.0,2021-11-22 05:13:12,2021-11-21 15:43:12
29,1637558052000.0,0.0,2021-11-22 05:14:12,2021-11-21 15:44:12
30,1637558112000.0,0.0,2021-11-22 05:15:12,2021-11-21 15:45:12
31,1637558172000.0,0.0,2021-11-22 05:16:12,2021-11-21 15:46:12
32,1637558232000.0,0.0,2021-11-22 05:17:12,2021-11-21 15:47:12
33,1637558292000.0,0.0,2021-11-22 05:18:12,2021-11-21 15:48:12
34,1637558352000.0,0.0,2021-11-22 05:19:12,2021-11-21 15:49:12
35,1637558412000.0,0.0,2021-11-22 05:20:12,2021-11-21 15:50:12
36,1637558472000.0,0.0,2021-11-22 05:21:12,2021-11-21 15:51:12
37,1637558532000.0,0.0,2021-11-22 05:22:12,2021-11-21 15:52:12
38,1637558592000.0,0.0,2021-11-22 05:23:12,2021-11-21 15:53:12
39,1637558652000.0,0.0,2021-11-22 05:24:12,2021-11-21 15:54:12
40,1637558712000.0,0.0,2021-11-22 05:25:12,2021-11-21 15:55:12
41,1637558772000.0,0.0,2021-11-22 05:26:12,2021-11-21 15:56:12
42,1637558832000.0,0.0,2021-11-22 05:27:12,2021-11-21 15:57:12
43,1637558892000.0,0.0,2021-11-22 05:28:12,2021-11-21 15:58:12
44,1637558952000.0,0.0,2021-11-22 05:29:12,2021-11-21 15:59:12
45,1637559012000.0,0.0,2021-11-22 05:30:12,2021-11-21 16:00:12
46,1637559072000.0,0.0,2021-11-22 05:31:12,2021-11-21 16:01:12
47,1637559132000.0,0.0,2021-11-22 05:32:12,2021-11-21 16:02:12
48,1637559192000.0,0.0,2021-11-22 05:33:12,2021-11-21 16:03:12
49,1637559252000.0,0.0,2021-11-22 05:34:12,2021-11-21 16:04:12
50,1637559312000.0,0.0,2021-11-22 05:35:12,2021-11-21 16:05:12
51,1637559372000.0,0.0,2021-11-22 05:36:12,2021-11-21 16:06:12
52,1637559432000.0,0.0,2021-11-22 05:37:12,2021-11-21 16:07:12
53,1637559492000.0,0.0,2021-11-22 05:38:12,2021-11-21 16:08:12
54,1637559552000.0,0.0,2021-11-22 05:39:12,2021-11-21 16:09:12
55,1637559612000.0,0.0,2021-11-22 05:40:12,2021-11-21 16:10:12
56,1637559672000.0,0.0,2021-11-22 05:41:12,2021-11-21 16:11:12
57,1637559732000.0,0.0,2021-11-22 05:42:12,2021-11-21 16:12:12
58,1637559792000.0,0.0,2021-11-22 05:43:12,2021-11-21 16:13:12
59,1637559852000.0,0.0,2021-11-22 05:44:12,2021-11-21 16:14:12
60,1637559912000.0,0.0,2021-11-22 05:45:12,2021-11-21 16:15:12
61,1637559972000.0,0.0,2021-11-22 05:46:12,2021-11-21 16:16:12
62,1637560032000.0,0.0,2021-11-22 05:47:12,2021-11-21 16:17:12
63,1637560092000.0,0.0,2021-11-22 05:48:12,2021-11-21 16:18:12
64,1637560152000.0,0.0,2021-11-22 05:49:12,2021-11-21 16:19:12
65,1637560212000.0,0.0,2021-11-22 05:50:12,2021-11-21 16:20:12
66,1637560272000.0,0.0,2021-11-22 05:51:12,2021-11-21 16:21:12
67,1637560332000.0,0.0,2021-11-22 05:52:12,2021-11-21 16:22:12
68,1637560392000.0,0.0,2021-11-22 05:53:12,2021-11-21 16:23:12
69,1637560452000.0,0.0,2021-11-22 05:54:12,2021-11-21 16:24:12
70,1637560512000.0,0.0,2021-11-22 05:55:12,2021-11-21 16:25:12
71,1637560572000.0,0.0,2021-11-22 05:56:12,2021-11-21 16:26:12
72,1637560632000.0,0.0,2021-11-22 05:57:12,2021-11-21 16:27:12
73,1637560692000.0,0.0,2021-11-22 05:58:12,2021-11-21 16:28:12
74,1637560752000.0,0.0,2021-11-22 05:59:12,2021-11-21 16:29:12
75,1637560812000.0,0.0,2021-11-22 06:00:12,2021-11-21 16:30:12
76,1637560872000.0,0.0,2021-11-22 06:01:12,2021-11-21 16:31:12
77,1637560932000.0,0.0,2021-11-22 06:02:12,2021-11-21 16:32:12
78,1637560992000.0,0.0,2021-11-22 06:03:12,2021-11-21 16:33:12
79,1637561052000.0,0.0,2021-11-22 06:04:12,2021-11-21 16:34:12
80,1637561112000.0,0.0,2021-11-22 06:05:12,2021-11-21 16:35:12
81,1637561172000.0,0.0,2021-11-22 06:06:12,2021-11-21 16:36:12
82,1637561232000.0,0.0,2021-11-22 06:07:12,2021-11-21 16:37:12
83,1637561292000.0,0.0,2021-11-22 06:08:12,2021-11-21 16:38:12
84,1637561352000.0,0.0,2021-11-22 06:09:12,2021-11-21 16:39:12
85,1637561412000.0,0.0,2021-11-22 06:10:12,2021-11-21 16:40:12
86,1637561472000.0,0.0,2021-11-22 06:11:12,2021-11-21 16:41:12
87,1637561532000.0,0.0,2021-11-22 06:12:12,2021-11-21 16:42:12
88,1637561592000.0,0.0,2021-11-22 06:13:12,2021-11-21 16:43:12
89,1637561652000.0,0.0,2021-11-22 06:14:12,2021-11-21 16:44:12
90,1637561712000.0,0.0,2021-11-22 06:15:12,2021-11-21 16:45:12
91,1637561772000.0,0.0,2021-11-22 06:16:12,2021-11-21 16:46:12
92,1637561832000.0,0.0,2021-11-22 06:17:12,2021-11-21 16:47:12
93,1637561892000.0,0.0,2021-11-22 06:18:12,2021-11-21 16:48:12
94,1637561952000.0,0.0,2021-11-22 06:19:12,2021-11-21 16:49:12
95,1637562012000.0,0.0,2021-11-22 06:20:12,2021-11-21 16:50:12
96,1637562072000.0,0.0,2021-11-22 06:21:12,2021-11-21 16:51:12
97,1637562132000.0,0.0,2021-11-22 06:22:12,2021-11-21 16:52:12
98,1637562192000.0,0.0,2021-11-22 06:23:12,2021-11-21 16:53:12
99,1637562252000.0,0.0,2021-11-22 06:24:12,2021-11-21 16:54:12
100,1637562312000.0,0.0,2021-11-22 06:25:12,2021-11-21 16:55:12
101,1637562372000.0,0.0,2021-11-22 06:26:12,2021-11-21 16:56:12
102,1637562432000.0,0.0,2021-11-22 06:27:12,2021-11-21 16:57:12
103,1637562492000.0,0.0,2021-11-22 06:28:12,2021-11-21 16:58:12
104,1637562552000.0,0.0,2021-11-22 06:29:12,2021-11-21 16:59:12
105,1637562612000.0,0.0,2021-11-22 06:30:12,2021-11-21 17:00:12
106,1637562672000.0,0.0,2021-11-22 06:31:12,2021-11-21 17:01:12
107,1637562732000.0,0.0,2021-11-22 06:32:12,2021-11-21 17:02:12
108,1637562792000.0,0.0,2021-11-22 06:33:12,2021-11-21 17:03:12
109,1637562852000.0,0.0,2021-11-22 06:34:12,2021-11-21 17:04:12
110,1637562912000.0,0.0,2021-11-22 06:35:12,2021-11-21 17:05:12
111,1637562972000.0,0.0,2021-11-22 06:36:12,2021-11-21 17:06:12
112,1637563032000.0,0.0,2021-11-22 06:37:12,2021-11-21 17:07:12
113,1637563092000.0,0.0,2021-11-22 06:38:12,2021-11-21 17:08:12
114,1637563152000.0,0.0,2021-11-22 06:39:12,2021-11-21 17:09:12
115,1637563212000.0,0.0,2021-11-22 06:40:12,2021-11-21 17:10:12
116,1637563272000.0,0.0,2021-11-22 06:41:12,2021-11-21 17:11:12
117,1637563332000.0,0.0,2021-11-22 06:42:12,2021-11-21 17:12:12
118,1637563392000.0,0.0,2021-11-22 06:43:12,2021-11-21 17:13:12
119,1637563452000.0,0.0,2021-11-22 06:44:12,2021-11-21 17:14:12
120,1637563512000.0,0.0,2021-11-22 06:45:12,2021-11-21 17:15:12
121,1637563572000.0,0.0,2021-11-22 06:46:12,2021-11-21 17:16:12
122,1637563632000.0,0.0,2021-11-22 06:47:12,2021-11-21 17:17:12
123,1637563692000.0,0.0,2021-11-22 06:48:12,2021-11-21 17:18:12
124,1637563752000.0,0.0,2021-11-22 06:49:12,2021-11-21 17:19:12
125,1637563812000.0,0.0,2021-11-22 06:50:12,2021-11-21 17:20:12
126,1637563872000.0,0.0,2021-11-22 06:51:12,2021-11-21 17:21:12
127,1637563932000.0,0.0,2021-11-22 06:52:12,2021-11-21 17:22:12
128,1637563992000.0,0.0,2021-11-22 06:53:12,2021-11-21 17:23:12
129,1637564052000.0,0.0,2021-11-22 06:54:12,2021-11-21 17:24:12
130,1637564112000.0,0.0,2021-11-22 06:55:12,2021-11-21 17:25:12
131,1637564172000.0,0.0,2021-11-22 06:56:12,2021-11-21 17:26:12
132,1637564232000.0,0.0,2021-11-22 06:57:12,2021-11-21 17:27:12
133,1637564292000.0,0.0,2021-11-22 06:58:12,2021-11-21 17:28:12
134,1637564352000.0,0.0,2021-11-22 06:59:12,2021-11-21 17:29:12
135,1637564412000.0,0.0,2021-11-22 07:00:12,2021-11-21 17:30:12
136,1637564472000.0,0.0,2021-11-22 07:01:12,2021-11-21 17:31:12
137,1637564532000.0,0.0,2021-11-22 07:02:12,2021-11-21 17:32:12
138,1637564592000.0,0.0,2021-11-22 07:03:12,2021-11-21 17:33:12
139,1637564652000.0,0.0,2021-11-22 07:04:12,2021-11-21 17:34:12
140,1637564712000.0,0.0,2021-11-22 07:05:12,2021-11-21 17:35:12
141,1637564772000.0,0.0,2021-11-22 07:06:12,2021-11-21 17:36:12
142,1637564832000.0,0.0,2021-11-22 07:07:12,2021-11-21 17:37:12
143,1637564892000.0,0.0,2021-11-22 07:08:12,2021-11-21 17:38:12
144,1637564952000.0,0.0,2021-11-22 07:09:12,2021-11-21 17:39:12
145,1637565012000.0,0.0,2021-11-22 07:10:12,2021-11-21 17:40:12
146,1637565072000.0,0.0,2021-11-22 07:11:12,2021-11-21 17:41:12
147,1637565132000.0,0.0,2021-11-22 07:12:12,2021-11-21 17:42:12
148,1637565192000.0,0.0,2021-11-22 07:13:12,2021-11-21 17:43:12
149,1637565252000.0,0.0,2021-11-22 07:14:12,2021-11-21 17:44:12
150,1637565312000.0,0.0,2021-11-22 07:15:12,2021-11-21 17:45:12
151,1637565372000.0,0.0,2021-11-22 07:16:12,2021-11-21 17:46:12
152,1637565432000.0,0.0,2021-11-22 07:17:12,2021-11-21 17:47:12
153,1637565492000.0,0.0,2021-11-22 07:18:12,2021-11-21 17:48:12
154,1637565552000.0,0.0,2021-11-22 07:19:12,2021-11-21 17:49:12
155,1637565612000.0,0.0,2021-11-22 07:20:12,2021-11-21 17:50:12
156,1637565672000.0,0.0,2021-11-22 07:21:12,2021-11-21 17:51:12
157,1637565732000.0,0.0,2021-11-22 07:22:12,2021-11-21 17:52:12
158,1637565792000.0,0.0,2021-11-22 07:23:12,2021-11-21 17:53:12
159,1637565852000.0,0.0,2021-11-22 07:24:12,2021-11-21 17:54:12
160,1637565912000.0,0.0,2021-11-22 07:25:12,2021-11-21 17:55:12
161,1637565972000.0,0.0,2021-11-22 07:26:12,2021-11-21 17:56:12
162,1637566032000.0,0.0,2021-11-22 07:27:12,2021-11-21 17:57:12
163,1637566092000.0,0.0,2021-11-22 07:28:12,2021-11-21 17:58:12
164,1637566152000.0,0.0,2021-11-22 07:29:12,2021-11-21 17:59:12
165,1637566212000.0,0.0,2021-11-22 07:30:12,2021-11-21 18:00:12
166,1637566272000.0,0.0,2021-11-22 07:31:12,2021-11-21 18:01:12
167,1637566332000.0,0.0,2021-11-22 07:32:12,2021-11-21 18:02:12
168,1637566392000.0,0.0,2021-11-22 07:33:12,2021-11-21 18:03:12
169,1637566452000.0,0.0,2021-11-22 07:34:12,2021-11-21 18:04:12
170,1637566512000.0,0.0,2021-11-22 07:35:12,2021-11-21 18:05:12
171,1637566572000.0,0.0,2021-11-22 07:36:12,2021-11-21 18:06:12
172,1637566632000.0,0.0,2021-11-22 07:37:12,2021-11-21 18:07:12
173,1637566692000.0,0.0,2021-11-22 07:38:12,2021-11-21 18:08:12
174,1637566752000.0,0.0,2021-11-22 07:39:12,2021-11-21 18:09:12
175,1637566812000.0,0.0,2021-11-22 07:40:12,2021-11-21 18:10:12
176,1637566872000.0,0.0,2021-11-22 07:41:12,2021-11-21 18:11:12
177,1637566932000.0,0.0,2021-11-22 07:42:12,2021-11-21 18:12:12
178,1637566992000.0,0.0,2021-11-22 07:43:12,2021-11-21 18:13:12
179,1637567052000.0,0.0,2021-11-22 07:44:12,2021-11-21 18:14:12
180,1637567112000.0,0.0,2021-11-22 07:45:12,2021-11-21 18:15:12
181,1637567172000.0,0.0,2021-11-22 07:46:12,2021-11-21 18:16:12
182,1637567232000.0,0.0,2021-11-22 07:47:12,2021-11-21 18:17:12
183,1637567292000.0,0.0,2021-11-22 07:48:12,2021-11-21 18:18:12
184,1637567352000.0,0.0,2021-11-22 07:49:12,2021-11-21 18:19:12
185,1637567412000.0,0.0,2021-11-22 07:50:12,2021-11-21 18:20:12
186,1637567472000.0,0.0,2021-11-22 07:51:12,2021-11-21 18:21:12
187,1637567532000.0,0.0,2021-11-22 07:52:12,2021-11-21 18:22:12
188,1637567592000.0,0.0,2021-11-22 07:53:12,2021-11-21 18:23:12
189,1637567652000.0,0.0,2021-11-22 07:54:12,2021-11-21 18:24:12
190,1637567712000.0,0.0,2021-11-22 07:55:12,2021-11-21 18:25:12
191,1637567772000.0,0.0,2021-11-22 07:56:12,2021-11-21 18:26:12
192,1637567832000.0,0.0,2021-11-22 07:57:12,2021-11-21 18:27:12
193,1637567892000.0,0.0,2021-11-22 07:58:12,2021-11-21 18:28:12
194,1637567952000.0,0.0,2021-11-22 07:59:12,2021-11-21 18:29:12
195,1637568012000.0,0.0,2021-11-22 08:00:12,2021-11-21 18:30:12
196,1637568072000.0,0.0,2021-11-22 08:01:12,2021-11-21 18:31:12
197,1637568132000.0,0.0,2021-11-22 08:02:12,2021-11-21 18:32:12
198,1637568192000.0,0.0,2021-11-22 08:03:12,2021-11-21 18:33:12
199,1637568252000.0,0.0,2021-11-22 08:04:12,2021-11-21 18:34:12
200,1637568312000.0,0.0,2021-11-22 08:05:12,2021-11-21 18:35:12
201,1637568372000.0,0.0,2021-11-22 08:06:12,2021-11-21 18:36:12
202,1637568432000.0,0.0,2021-11-22 08:07:12,2021-11-21 18:37:12
203,1637568492000.0,0.0,2021-11-22 08:08:12,2021-11-21 18:38:12
204,1637568552000.0,0.0,2021-11-22 08:09:12,2021-11-21 18:39:12
205,1637568612000.0,0.0,2021-11-22 08:10:12,2021-11-21 18:40:12
206,1637568672000.0,0.0,2021-11-22 08:11:12,2021-11-21 18:41:12
207,1637568732000.0,0.0,2021-11-22 08:12:12,2021-11-21 18:42:12
208,1637568792000.0,0.0,2021-11-22 08:13:12,2021-11-21 18:43:12
209,1637568852000.0,0.0,2021-11-22 08:14:12,2021-11-21 18:44:12
210,1637568912000.0,0.0,2021-11-22 08:15:12,2021-11-21 18:45:12
211,1637568972000.0,0.0,2021-11-22 08:16:12,2021-11-21 18:46:12
212,1637569032000.0,0.0,2021-11-22 08:17:12,2021-11-21 18:47:12
213,1637569092000.0,0.0,2021-11-22 08:18:12,2021-11-21 18:48:12
214,1637569152000.0,0.0,2021-11-22 08:19:12,2021-11-21 18:49:12
215,1637569212000.0,0.0,2021-11-22 08:20:12,2021-11-21 18:50:12
216,1637569272000.0,0.0,2021-11-22 08:21:12,2021-11-21 18:51:12
217,1637569332000.0,0.0,2021-11-22 08:22:12,2021-11-21 18:52:12
218,1637569392000.0,0.0,2021-11-22 08:23:12,2021-11-21 18:53:12
219,1637569452000.0,0.0,2021-11-22 08:24:12,2021-11-21 18:54:12
220,1637569512000.0,0.0,2021-11-22 08:25:12,2021-11-21 18:55:12
221,1637569572000.0,0.0,2021-11-22 08:26:12,2021-11-21 18:56:12
222,1637569632000.0,0.0,2021-11-22 08:27:12,2021-11-21 18:57:12
223,1637569692000.0,0.0,2021-11-22 08:28:12,2021-11-21 18:58:12
224,1637569752000.0,0.0,2021-11-22 08:29:12,2021-11-21 18:59:12
225,1637569812000.0,0.0,2021-11-22 08:30:12,2021-11-21 19:00:12
226,1637569872000.0,0.0,2021-11-22 08:31:12,2021-11-21 19:01:12
227,1637569932000.0,0.0,2021-11-22 08:32:12,2021-11-21 19:02:12
228,1637569992000.0,0.0,2021-11-22 08:33:12,2021-11-21 19:03:12
229,1637570052000.0,0.0,2021-11-22 08:34:12,2021-11-21 19:04:12
230,1637570112000.0,0.0,2021-11-22 08:35:12,2021-11-21 19:05:12
231,1637570172000.0,0.0,2021-11-22 08:36:12,2021-11-21 19:06:12
232,1637570232000.0,0.0,2021-11-22 08:37:12,2021-11-21 19:07:12
233,1637570292000.0,0.0,2021-11-22 08:38:12,2021-11-21 19:08:12
234,1637570352000.0,0.0,2021-11-22 08:39:12,2021-11-21 19:09:12
235,1637570412000.0,0.0,2021-11-22 08:40:12,2021-11-21 19:10:12
236,1637570472000.0,0.0,2021-11-22 08:41:12,2021-11-21 19:11:12
237,1637570532000.0,0.0,2021-11-22 08:42:12,2021-11-21 19:12:12
238,1637570592000.0,0.0,2021-11-22 08:43:12,2021-11-21 19:13:12
239,1637570652000.0,0.0,2021-11-22 08:44:12,2021-11-21 19:14:12
240,1637570712000.0,0.0,2021-11-22 08:45:12,2021-11-21 19:15:12
241,1637570772000.0,0.0,2021-11-22 08:46:12,2021-11-21 19:16:12
242,1637570832000.0,0.0,2021-11-22 08:47:12,2021-11-21 19:17:12
243,1637570892000.0,0.0,2021-11-22 08:48:12,2021-11-21 19:18:12
244,1637570952000.0,0.0,2021-11-22 08:49:12,2021-11-21 19:19:12
245,1637571012000.0,0.0,2021-11-22 08:50:12,2021-11-21 19:20:12
246,1637571072000.0,0.0,2021-11-22 08:51:12,2021-11-21 19:21:12
247,1637571132000.0,0.0,2021-11-22 08:52:12,2021-11-21 19:22:12
248,1637571192000.0,0.0,2021-11-22 08:53:12,2021-11-21 19:23:12
249,1637571252000.0,0.0,2021-11-22 08:54:12,2021-11-21 19:24:12
250,1637571312000.0,0.0,2021-11-22 08:55:12,2021-11-21 19:25:12
251,1637571372000.0,0.0,2021-11-22 08:56:12,2021-11-21 19:26:12
252,1637571432000.0,0.0,2021-11-22 08:57:12,2021-11-21 19:27:12
253,1637571492000.0,0.0,2021-11-22 08:58:12,2021-11-21 19:28:12
254,1637571552000.0,0.0,2021-11-22 08:59:12,2021-11-21 19:29:12
255,1637571612000.0,0.0,2021-11-22 09:00:12,2021-11-21 19:30:12
256,1637571672000.0,0.0,2021-11-22 09:01:12,2021-11-21 19:31:12
257,1637571732000.0,0.0,2021-11-22 09:02:12,2021-11-21 19:32:12
258,1637571792000.0,0.0,2021-11-22 09:03:12,2021-11-21 19:33:12
259,1637571852000.0,0.0,2021-11-22 09:04:12,2021-11-21 19:34:12
260,1637571912000.0,0.0,2021-11-22 09:05:12,2021-11-21 19:35:12
261,1637571972000.0,0.0,2021-11-22 09:06:12,2021-11-21 19:36:12
262,1637572032000.0,0.0,2021-11-22 09:07:12,2021-11-21 19:37:12
263,1637572092000.0,0.0,2021-11-22 09:08:12,2021-11-21 19:38:12
264,1637572152000.0,0.0,2021-11-22 09:09:12,2021-11-21 19:39:12
265,1637572212000.0,0.0,2021-11-22 09:10:12,2021-11-21 19:40:12
266,1637572272000.0,0.0,2021-11-22 09:11:12,2021-11-21 19:41:12
267,1637572332000.0,0.0,2021-11-22 09:12:12,2021-11-21 19:42:12
268,1637572392000.0,0.0,2021-11-22 09:13:12,2021-11-21 19:43:12
269,1637572452000.0,0.0,2021-11-22 09:14:12,2021-11-21 19:44:12
270,1637572512000.0,0.0,2021-11-22 09:15:12,2021-11-21 19:45:12
271,1637572572000.0,0.0,2021-11-22 09:16:12,2021-11-21 19:46:12
272,1637572632000.0,0.0,2021-11-22 09:17:12,2021-11-21 19:47:12
273,1637572692000.0,0.0,2021-11-22 09:18:12,2021-11-21 19:48:12
274,1637572752000.0,0.0,2021-11-22 09:19:12,2021-11-21 19:49:12
275,1637572812000.0,0.0,2021-11-22 09:20:12,2021-11-21 19:50:12
276,1637572872000.0,0.0,2021-11-22 09:21:12,2021-11-21 19:51:12
277,1637572932000.0,0.0,2021-11-22 09:22:12,2021-11-21 19:52:12
278,1637572992000.0,0.0,2021-11-22 09:23:12,2021-11-21 19:53:12
279,1637573052000.0,0.0,2021-11-22 09:24:12,2021-11-21 19:54:12
280,1637573112000.0,0.0,2021-11-22 09:25:12,2021-11-21 19:55:12
281,1637573172000.0,0.0,2021-11-22 09:26:12,2021-11-21 19:56:12
282,1637573232000.0,0.0,2021-11-22 09:27:12,2021-11-21 19:57:12
283,1637573292000.0,0.0,2021-11-22 09:28:12,2021-11-21 19:58:12
284,1637573352000.0,0.0,2021-11-22 09:29:12,2021-11-21 19:59:12
285,1637573412000.0,0.0,2021-11-22 09:30:12,2021-11-21 20:00:12
286,1637573472000.0,0.0,2021-11-22 09:31:12,2021-11-21 20:01:12
287,1637573532000.0,0.0,2021-11-22 09:32:12,2021-11-21 20:02:12
288,1637573592000.0,0.0,2021-11-22 09:33:12,2021-11-21 20:03:12
289,1637573652000.0,0.0,2021-11-22 09:34:12,2021-11-21 20:04:12
290,1637573712000.0,0.0,2021-11-22 09:35:12,2021-11-21 20:05:12
291,1637573772000.0,0.0,2021-11-22 09:36:12,2021-11-21 20:06:12
292,1637573832000.0,0.0,2021-11-22 09:37:12,2021-11-21 20:07:12
293,1637573892000.0,0.0,2021-11-22 09:38:12,2021-11-21 20:08:12
294,1637573952000.0,0.0,2021-11-22 09:39:12,2021-11-21 20:09:12
295,1637574012000.0,0.0,2021-11-22 09:40:12,2021-11-21 20:10:12
296,1637574072000.0,0.0,2021-11-22 09:41:12,2021-11-21 20:11:12
297,1637574132000.0,0.0,2021-11-22 09:42:12,2021-11-21 20:12:12
298,1637574192000.0,0.0,2021-11-22 09:43:12,2021-11-21 20:13:12
299,1637574252000.0,0.0,2021-11-22 09:44:12,2021-11-21 20:14:12
300,1637574312000.0,0.0,2021-11-22 09:45:12,2021-11-21 20:15:12
301,1637574372000.0,0.0,2021-11-22 09:46:12,2021-11-21 20:16:12
302,1637574432000.0,0.0,2021-11-22 09:47:12,2021-11-21 20:17:12
303,1637574492000.0,0.0,2021-11-22 09:48:12,2021-11-21 20:18:12
304,1637574552000.0,0.0,2021-11-22 09:49:12,2021-11-21 20:19:12
305,1637574612000.0,0.0,2021-11-22 09:50:12,2021-11-21 20:20:12
306,1637574672000.0,0.0,2021-11-22 09:51:12,2021-11-21 20:21:12
307,1637574732000.0,0.0,2021-11-22 09:52:12,2021-11-21 20:22:12
308,1637574792000.0,0.0,2021-11-22 09:53:12,2021-11-21 20:23:12
309,1637574852000.0,0.0,2021-11-22 09:54:12,2021-11-21 20:24:12
310,1637574912000.0,0.0,2021-11-22 09:55:12,2021-11-21 20:25:12
311,1637574972000.0,0.0,2021-11-22 09:56:12,2021-11-21 20:26:12
312,1637575032000.0,0.0,2021-11-22 09:57:12,2021-11-21 20:27:12
313,1637575092000.0,0.0,2021-11-22 09:58:12,2021-11-21 20:28:12
314,1637575152000.0,0.0,2021-11-22 09:59:12,2021-11-21 20:29:12
315,1637575212000.0,0.0,2021-11-22 10:00:12,2021-11-21 20:30:12
316,1637575272000.0,0.0,2021-11-22 10:01:12,2021-11-21 20:31:12
317,1637575332000.0,0.0,2021-11-22 10:02:12,2021-11-21 20:32:12
318,1637575392000.0,0.0,2021-11-22 10:03:12,2021-11-21 20:33:12
319,1637575452000.0,0.0,2021-11-22 10:04:12,2021-11-21 20:34:12
320,1637575512000.0,0.0,2021-11-22 10:05:12,2021-11-21 20:35:12
321,1637575572000.0,0.0,2021-11-22 10:06:12,2021-11-21 20:36:12
322,1637575632000.0,0.0,2021-11-22 10:07:12,2021-11-21 20:37:12
323,1637575692000.0,0.0,2021-11-22 10:08:12,2021-11-21 20:38:12
324,1637575752000.0,0.0,2021-11-22 10:09:12,2021-11-21 20:39:12
325,1637575812000.0,0.0,2021-11-22 10:10:12,2021-11-21 20:40:12
326,1637575872000.0,0.0,2021-11-22 10:11:12,2021-11-21 20:41:12
327,1637575932000.0,0.0,2021-11-22 10:12:12,2021-11-21 20:42:12
328,1637575992000.0,0.0,2021-11-22 10:13:12,2021-11-21 20:43:12
329,1637576052000.0,0.0,2021-11-22 10:14:12,2021-11-21 20:44:12
330,1637576112000.0,0.0,2021-11-22 10:15:12,2021-11-21 20:45:12
331,1637576172000.0,0.0,2021-11-22 10:16:12,2021-11-21 20:46:12
332,1637576232000.0,0.0,2021-11-22 10:17:12,2021-11-21 20:47:12
333,1637576292000.0,0.0,2021-11-22 10:18:12,2021-11-21 20:48:12
334,1637576352000.0,0.0,2021-11-22 10:19:12,2021-11-21 20:49:12
335,1637576412000.0,0.0,2021-11-22 10:20:12,2021-11-21 20:50:12
336,1637576472000.0,0.0,2021-11-22 10:21:12,2021-11-21 20:51:12
337,1637576532000.0,0.0,2021-11-22 10:22:12,2021-11-21 20:52:12
338,1637576592000.0,0.0,2021-11-22 10:23:12,2021-11-21 20:53:12
339,1637576652000.0,0.0,2021-11-22 10:24:12,2021-11-21 20:54:12
340,1637576712000.0,0.0,2021-11-22 10:25:12,2021-11-21 20:55:12
341,1637576772000.0,0.0,2021-11-22 10:26:12,2021-11-21 20:56:12
342,1637576832000.0,0.0,2021-11-22 10:27:12,2021-11-21 20:57:12
343,1637576892000.0,0.0,2021-11-22 10:28:12,2021-11-21 20:58:12
344,1637576952000.0,0.0,2021-11-22 10:29:12,2021-11-21 20:59:12
345,1637577012000.0,0.0,2021-11-22 10:30:12,2021-11-21 21:00:12
346,1637577072000.0,0.0,2021-11-22 10:31:12,2021-11-21 21:01:12
347,1637577132000.0,0.0,2021-11-22 10:32:12,2021-11-21 21:02:12
348,1637577192000.0,0.0,2021-11-22 10:33:12,2021-11-21 21:03:12
349,1637577252000.0,0.0,2021-11-22 10:34:12,2021-11-21 21:04:12
350,1637577312000.0,0.0,2021-11-22 10:35:12,2021-11-21 21:05:12
351,1637577372000.0,0.0,2021-11-22 10:36:12,2021-11-21 21:06:12
352,1637577432000.0,0.0,2021-11-22 10:37:12,2021-11-21 21:07:12
353,1637577492000.0,0.0,2021-11-22 10:38:12,2021-11-21 21:08:12
354,1637577552000.0,0.0,2021-11-22 10:39:12,2021-11-21 21:09:12
355,1637577612000.0,0.0,2021-11-22 10:40:12,2021-11-21 21:10:12
356,1637577672000.0,0.0,2021-11-22 10:41:12,2021-11-21 21:11:12
357,1637577732000.0,0.0,2021-11-22 10:42:12,2021-11-21 21:12:12
358,1637577792000.0,0.0,2021-11-22 10:43:12,2021-11-21 21:13:12
359,1637577852000.0,0.0,2021-11-22 10:44:12,2021-11-21 21:14:12
360,1637577912000.0,0.0,2021-11-22 10:45:12,2021-11-21 21:15:12
361,1637577972000.0,0.0,2021-11-22 10:46:12,2021-11-21 21:16:12
362,1637578032000.0,0.0,2021-11-22 10:47:12,2021-11-21 21:17:12
363,1637578092000.0,0.0,2021-11-22 10:48:12,2021-11-21 21:18:12
364,1637578152000.0,0.0,2021-11-22 10:49:12,2021-11-21 21:19:12
365,1637578212000.0,0.0,2021-11-22 10:50:12,2021-11-21 21:20:12
366,1637578272000.0,0.0,2021-11-22 10:51:12,2021-11-21 21:21:12
367,1637578332000.0,0.0,2021-11-22 10:52:12,2021-11-21 21:22:12
368,1637578392000.0,0.0,2021-11-22 10:53:12,2021-11-21 21:23:12
369,1637578452000.0,0.0,2021-11-22 10:54:12,2021-11-21 21:24:12
370,1637578512000.0,0.0,2021-11-22 10:55:12,2021-11-21 21:25:12
371,1637578572000.0,0.0,2021-11-22 10:56:12,2021-11-21 21:26:12
372,1637578632000.0,0.0,2021-11-22 10:57:12,2021-11-21 21:27:12
373,1637578692000.0,0.0,2021-11-22 10:58:12,2021-11-21 21:28:12
374,1637578752000.0,0.0,2021-11-22 10:59:12,2021-11-21 21:29:12
375,1637578812000.0,0.0,2021-11-22 11:00:12,2021-11-21 21:30:12
376,1637578872000.0,0.0,2021-11-22 11:01:12,2021-11-21 21:31:12
377,1637578932000.0,0.0,2021-11-22 11:02:12,2021-11-21 21:32:12
378,1637578992000.0,0.0,2021-11-22 11:03:12,2021-11-21 21:33:12
379,1637579052000.0,0.0,2021-11-22 11:04:12,2021-11-21 21:34:12
380,1637579112000.0,0.0,2021-11-22 11:05:12,2021-11-21 21:35:12
381,1637579172000.0,0.0,2021-11-22 11:06:12,2021-11-21 21:36:12
382,1637579232000.0,0.0,2021-11-22 11:07:12,2021-11-21 21:37:12
383,1637579292000.0,0.0,2021-11-22 11:08:12,2021-11-21 21:38:12
384,1637579352000.0,0.0,2021-11-22 11:09:12,2021-11-21 21:39:12
385,1637579412000.0,0.0,2021-11-22 11:10:12,2021-11-21 21:40:12
386,1637579472000.0,0.0,2021-11-22 11:11:12,2021-11-21 21:41:12
387,1637579532000.0,0.0,2021-11-22 11:12:12,2021-11-21 21:42:12
388,1637579592000.0,0.0,2021-11-22 11:13:12,2021-11-21 21:43:12
389,1637579652000.0,0.0,2021-11-22 11:14:12,2021-11-21 21:44:12
390,1637579712000.0,0.0,2021-11-22 11:15:12,2021-11-21 21:45:12
391,1637579772000.0,0.0,2021-11-22 11:16:12,2021-11-21 21:46:12
392,1637579832000.0,0.0,2021-11-22 11:17:12,2021-11-21 21:47:12
393,1637579892000.0,0.0,2021-11-22 11:18:12,2021-11-21 21:48:12
394,1637579952000.0,0.0,2021-11-22 11:19:12,2021-11-21 21:49:12
395,1637580012000.0,0.0,2021-11-22 11:20:12,2021-11-21 21:50:12
396,1637580072000.0,0.0,2021-11-22 11:21:12,2021-11-21 21:51:12
397,1637580132000.0,0.0,2021-11-22 11:22:12,2021-11-21 21:52:12
398,1637580192000.0,0.0,2021-11-22 11:23:12,2021-11-21 21:53:12
399,1637580252000.0,0.0,2021-11-22 11:24:12,2021-11-21 21:54:12
400,1637580312000.0,0.0,2021-11-22 11:25:12,2021-11-21 21:55:12
401,1637580372000.0,0.0,2021-11-22 11:26:12,2021-11-21 21:56:12
402,1637580432000.0,0.0,2021-11-22 11:27:12,2021-11-21 21:57:12
403,1637580492000.0,0.0,2021-11-22 11:28:12,2021-11-21 21:58:12
404,1637580552000.0,0.0,2021-11-22 11:29:12,2021-11-21 21:59:12
405,1637580612000.0,0.0,2021-11-22 11:30:12,2021-11-21 22:00:12
406,1637580672000.0,0.0,2021-11-22 11:31:12,2021-11-21 22:01:12
407,1637580732000.0,0.0,2021-11-22 11:32:12,2021-11-21 22:02:12
408,1637580792000.0,0.0,2021-11-22 11:33:12,2021-11-21 22:03:12
409,1637580852000.0,0.0,2021-11-22 11:34:12,2021-11-21 22:04:12
410,1637580912000.0,0.0,2021-11-22 11:35:12,2021-11-21 22:05:12
411,1637580972000.0,0.0,2021-11-22 11:36:12,2021-11-21 22:06:12
412,1637581032000.0,0.0,2021-11-22 11:37:12,2021-11-21 22:07:12
413,1637581092000.0,0.0,2021-11-22 11:38:12,2021-11-21 22:08:12
414,1637581152000.0,0.0,2021-11-22 11:39:12,2021-11-21 22:09:12
415,1637581212000.0,0.0,2021-11-22 11:40:12,2021-11-21 22:10:12
416,1637581272000.0,0.0,2021-11-22 11:41:12,2021-11-21 22:11:12
417,1637581332000.0,0.0,2021-11-22 11:42:12,2021-11-21 22:12:12
418,1637581392000.0,0.0,2021-11-22 11:43:12,2021-11-21 22:13:12
419,1637581452000.0,0.0,2021-11-22 11:44:12,2021-11-21 22:14:12
420,1637581512000.0,0.0,2021-11-22 11:45:12,2021-11-21 22:15:12
421,1637581572000.0,0.0,2021-11-22 11:46:12,2021-11-21 22:16:12
422,1637581632000.0,0.0,2021-11-22 11:47:12,2021-11-21 22:17:12
423,1637581692000.0,0.0,2021-11-22 11:48:12,2021-11-21 22:18:12
424,1637581752000.0,0.0,2021-11-22 11:49:12,2021-11-21 22:19:12
425,1637581812000.0,0.0,2021-11-22 11:50:12,2021-11-21 22:20:12
426,1637581872000.0,0.0,2021-11-22 11:51:12,2021-11-21 22:21:12
427,1637581932000.0,0.0,2021-11-22 11:52:12,2021-11-21 22:22:12
428,1637581992000.0,0.0,2021-11-22 11:53:12,2021-11-21 22:23:12
429,1637582052000.0,0.0,2021-11-22 11:54:12,2021-11-21 22:24:12
430,1637582112000.0,0.0,2021-11-22 11:55:12,2021-11-21 22:25:12
431,1637582172000.0,0.0,2021-11-22 11:56:12,2021-11-21 22:26:12
432,1637582232000.0,0.0,2021-11-22 11:57:12,2021-11-21 22:27:12
433,1637582292000.0,0.0,2021-11-22 11:58:12,2021-11-21 22:28:12
434,1637582352000.0,0.0,2021-11-22 11:59:12,2021-11-21 22:29:12
435,1637582412000.0,0.0,2021-11-22 12:00:12,2021-11-21 22:30:12
436,1637582472000.0,0.0,2021-11-22 12:01:12,2021-11-21 22:31:12
437,1637582532000.0,0.0,2021-11-22 12:02:12,2021-11-21 22:32:12
438,1637582592000.0,0.0,2021-11-22 12:03:12,2021-11-21 22:33:12
439,1637582652000.0,0.0,2021-11-22 12:04:12,2021-11-21 22:34:12
440,1637582712000.0,0.0,2021-11-22 12:05:12,2021-11-21 22:35:12
441,1637582772000.0,0.0,2021-11-22 12:06:12,2021-11-21 22:36:12
442,1637582832000.0,0.0,2021-11-22 12:07:12,2021-11-21 22:37:12
443,1637582892000.0,0.0,2021-11-22 12:08:12,2021-11-21 22:38:12
444,1637582952000.0,0.0,2021-11-22 12:09:12,2021-11-21 22:39:12
445,1637583012000.0,0.0,2021-11-22 12:10:12,2021-11-21 22:40:12
446,1637583072000.0,0.0,2021-11-22 12:11:12,2021-11-21 22:41:12
447,1637583132000.0,0.0,2021-11-22 12:12:12,2021-11-21 22:42:12
448,1637583192000.0,0.0,2021-11-22 12:13:12,2021-11-21 22:43:12
449,1637583252000.0,0.0,2021-11-22 12:14:12,2021-11-21 22:44:12
450,1637583312000.0,0.0,2021-11-22 12:15:12,2021-11-21 22:45:12
451,1637583372000.0,0.0,2021-11-22 12:16:12,2021-11-21 22:46:12
452,1637583432000.0,0.0,2021-11-22 12:17:12,2021-11-21 22:47:12
453,1637583492000.0,0.0,2021-11-22 12:18:12,2021-11-21 22:48:12
454,1637583552000.0,0.0,2021-11-22 12:19:12,2021-11-21 22:49:12
455,1637583612000.0,0.0,2021-11-22 12:20:12,2021-11-21 22:50:12
456,1637583672000.0,0.0,2021-11-22 12:21:12,2021-11-21 22:51:12
457,1637583732000.0,0.0,2021-11-22 12:22:12,2021-11-21 22:52:12
458,1637583792000.0,0.0,2021-11-22 12:23:12,2021-11-21 22:53:12
459,1637583852000.0,0.0,2021-11-22 12:24:12,2021-11-21 22:54:12
460,1637583912000.0,0.0,2021-11-22 12:25:12,2021-11-21 22:55:12
461,1637583972000.0,0.0,2021-11-22 12:26:12,2021-11-21 22:56:12
462,1637584032000.0,0.0,2021-11-22 12:27:12,2021-11-21 22:57:12
463,1637584092000.0,0.0,2021-11-22 12:28:12,2021-11-21 22:58:12
464,1637584152000.0,0.0,2021-11-22 12:29:12,2021-11-21 22:59:12
465,1637584212000.0,0.0,2021-11-22 12:30:12,2021-11-21 23:00:12
466,1637584272000.0,0.0,2021-11-22 12:31:12,2021-11-21 23:01:12
467,1637584332000.0,0.0,2021-11-22 12:32:12,2021-11-21 23:02:12
468,1637584392000.0,0.0,2021-11-22 12:33:12,2021-11-21 23:03:12
469,1637584452000.0,0.0,2021-11-22 12:34:12,2021-11-21 23:04:12
470,1637584512000.0,0.0,2021-11-22 12:35:12,2021-11-21 23:05:12
471,1637584572000.0,0.0,2021-11-22 12:36:12,2021-11-21 23:06:12
472,1637584632000.0,0.0,2021-11-22 12:37:12,2021-11-21 23:07:12
473,1637584692000.0,0.0,2021-11-22 12:38:12,2021-11-21 23:08:12
474,1637584752000.0,0.0,2021-11-22 12:39:12,2021-11-21 23:09:12
475,1637584812000.0,0.0,2021-11-22 12:40:12,2021-11-21 23:10:12
476,1637584872000.0,0.0,2021-11-22 12:41:12,2021-11-21 23:11:12
477,1637584932000.0,0.0,2021-11-22 12:42:12,2021-11-21 23:12:12
478,1637584992000.0,0.0,2021-11-22 12:43:12,2021-11-21 23:13:12
479,1637585052000.0,0.0,2021-11-22 12:44:12,2021-11-21 23:14:12
480,1637585112000.0,0.0,2021-11-22 12:45:12,2021-11-21 23:15:12
481,1637585172000.0,0.0,2021-11-22 12:46:12,2021-11-21 23:16:12
482,1637585232000.0,0.0,2021-11-22 12:47:12,2021-11-21 23:17:12
483,1637585292000.0,0.0,2021-11-22 12:48:12,2021-11-21 23:18:12
484,1637585352000.0,0.0,2021-11-22 12:49:12,2021-11-21 23:19:12
485,1637585412000.0,0.0,2021-11-22 12:50:12,2021-11-21 23:20:12
486,1637585472000.0,0.0,2021-11-22 12:51:12,2021-11-21 23:21:12
487,1637585532000.0,0.0,2021-11-22 12:52:12,2021-11-21 23:22:12
488,1637585592000.0,0.0,2021-11-22 12:53:12,2021-11-21 23:23:12
489,1637585652000.0,0.0,2021-11-22 12:54:12,2021-11-21 23:24:12
490,1637585712000.0,0.0,2021-11-22 12:55:12,2021-11-21 23:25:12
491,1637585772000.0,0.0,2021-11-22 12:56:12,2021-11-21 23:26:12
492,1637585832000.0,0.0,2021-11-22 12:57:12,2021-11-21 23:27:12
493,1637585892000.0,0.0,2021-11-22 12:58:12,2021-11-21 23:28:12
494,1637585952000.0,0.0,2021-11-22 12:59:12,2021-11-21 23:29:12
495,1637586012000.0,0.0,2021-11-22 13:00:12,2021-11-21 23:30:12
496,1637586072000.0,0.0,2021-11-22 13:01:12,2021-11-21 23:31:12
497,1637586132000.0,0.0,2021-11-22 13:02:12,2021-11-21 23:32:12
498,1637586192000.0,0.0,2021-11-22 13:03:12,2021-11-21 23:33:12
499,1637586252000.0,0.0,2021-11-22 13:04:12,2021-11-21 23:34:12
500,1637586312000.0,0.0,2021-11-22 13:05:12,2021-11-21 23:35:12
501,1637586372000.0,0.0,2021-11-22 13:06:12,2021-11-21 23:36:12
502,1637586432000.0,0.0,2021-11-22 13:07:12,2021-11-21 23:37:12
503,1637586492000.0,0.0,2021-11-22 13:08:12,2021-11-21 23:38:12
504,1637586552000.0,0.0,2021-11-22 13:09:12,2021-11-21 23:39:12
505,1637586612000.0,0.0,2021-11-22 13:10:12,2021-11-21 23:40:12
506,1637586672000.0,0.0,2021-11-22 13:11:12,2021-11-21 23:41:12
507,1637586732000.0,0.0,2021-11-22 13:12:12,2021-11-21 23:42:12
508,1637586792000.0,0.0,2021-11-22 13:13:12,2021-11-21 23:43:12
509,1637586852000.0,0.0,2021-11-22 13:14:12,2021-11-21 23:44:12
510,1637586912000.0,0.0,2021-11-22 13:15:12,2021-11-21 23:45:12
511,1637586972000.0,0.0,2021-11-22 13:16:12,2021-11-21 23:46:12
512,1637587032000.0,0.0,2021-11-22 13:17:12,2021-11-21 23:47:12
513,1637587092000.0,0.0,2021-11-22 13:18:12,2021-11-21 23:48:12
514,1637587152000.0,0.0,2021-11-22 13:19:12,2021-11-21 23:49:12
515,1637587212000.0,0.0,2021-11-22 13:20:12,2021-11-21 23:50:12
516,1637587272000.0,0.0,2021-11-22 13:21:12,2021-11-21 23:51:12
517,1637587332000.0,0.0,2021-11-22 13:22:12,2021-11-21 23:52:12
518,1637587392000.0,0.0,2021-11-22 13:23:12,2021-11-21 23:53:12
519,1637587452000.0,0.0,2021-11-22 13:24:12,2021-11-21 23:54:12
520,1637587512000.0,0.0,2021-11-22 13:25:12,2021-11-21 23:55:12
521,1637587572000.0,0.0,2021-11-22 13:26:12,2021-11-21 23:56:12
522,1637587632000.0,0.0,2021-11-22 13:27:12,2021-11-21 23:57:12
523,1637587692000.0,0.0,2021-11-22 13:28:12,2021-11-21 23:58:12
524,1637587752000.0,0.0,2021-11-22 13:29:12,2021-11-21 23:59:12
525,1637587812000.0,0.0,2021-11-22 13:30:12,2021-11-22 00:00:12
526,1637587872000.0,0.0,2021-11-22 13:31:12,2021-11-22 00:01:12
527,1637587932000.0,0.0,2021-11-22 13:32:12,2021-11-22 00:02:12
528,1637587992000.0,0.0,2021-11-22 13:33:12,2021-11-22 00:03:12
529,1637588052000.0,0.0,2021-11-22 13:34:12,2021-11-22 00:04:12
530,1637588112000.0,0.0,2021-11-22 13:35:12,2021-11-22 00:05:12
531,1637588172000.0,0.0,2021-11-22 13:36:12,2021-11-22 00:06:12
532,1637588232000.0,0.0,2021-11-22 13:37:12,2021-11-22 00:07:12
533,1637588292000.0,0.0,2021-11-22 13:38:12,2021-11-22 00:08:12
534,1637588352000.0,0.0,2021-11-22 13:39:12,2021-11-22 00:09:12
535,1637588412000.0,0.0,2021-11-22 13:40:12,2021-11-22 00:10:12
536,1637588472000.0,0.0,2021-11-22 13:41:12,2021-11-22 00:11:12
537,1637588532000.0,0.0,2021-11-22 13:42:12,2021-11-22 00:12:12
538,1637588592000.0,0.0,2021-11-22 13:43:12,2021-11-22 00:13:12
539,1637588652000.0,0.0,2021-11-22 13:44:12,2021-11-22 00:14:12
540,1637588712000.0,0.0,2021-11-22 13:45:12,2021-11-22 00:15:12
541,1637588772000.0,0.0,2021-11-22 13:46:12,2021-11-22 00:16:12
542,1637588832000.0,0.0,2021-11-22 13:47:12,2021-11-22 00:17:12
543,1637588892000.0,0.0,2021-11-22 13:48:12,2021-11-22 00:18:12
544,1637588952000.0,0.0,2021-11-22 13:49:12,2021-11-22 00:19:12
545,1637589012000.0,0.0,2021-11-22 13:50:12,2021-11-22 00:20:12
546,1637589072000.0,0.0,2021-11-22 13:51:12,2021-11-22 00:21:12
547,1637589132000.0,0.0,2021-11-22 13:52:12,2021-11-22 00:22:12
548,1637589192000.0,0.0,2021-11-22 13:53:12,2021-11-22 00:23:12
549,1637589252000.0,0.0,2021-11-22 13:54:12,2021-11-22 00:24:12
550,1637589312000.0,0.0,2021-11-22 13:55:12,2021-11-22 00:25:12
551,1637589372000.0,0.0,2021-11-22 13:56:12,2021-11-22 00:26:12
552,1637589432000.0,0.0,2021-11-22 13:57:12,2021-11-22 00:27:12
553,1637589492000.0,0.0,2021-11-22 13:58:12,2021-11-22 00:28:12
554,1637589552000.0,0.0,2021-11-22 13:59:12,2021-11-22 00:29:12
555,1637589612000.0,0.0,2021-11-22 14:00:12,2021-11-22 00:30:12
556,1637589672000.0,0.0,2021-11-22 14:01:12,2021-11-22 00:31:12
557,1637589732000.0,0.0,2021-11-22 14:02:12,2021-11-22 00:32:12
558,1637589792000.0,0.0,2021-11-22 14:03:12,2021-11-22 00:33:12
559,1637589852000.0,0.0,2021-11-22 14:04:12,2021-11-22 00:34:12
560,1637589912000.0,0.0,2021-11-22 14:05:12,2021-11-22 00:35:12
561,1637589972000.0,0.0,2021-11-22 14:06:12,2021-11-22 00:36:12
562,1637590032000.0,0.0,2021-11-22 14:07:12,2021-11-22 00:37:12
563,1637590092000.0,0.0,2021-11-22 14:08:12,2021-11-22 00:38:12
564,1637590152000.0,0.0,2021-11-22 14:09:12,2021-11-22 00:39:12
565,1637590212000.0,0.0,2021-11-22 14:10:12,2021-11-22 00:40:12
566,1637590272000.0,0.0,2021-11-22 14:11:12,2021-11-22 00:41:12
567,1637590332000.0,0.0,2021-11-22 14:12:12,2021-11-22 00:42:12
568,1637590392000.0,0.0,2021-11-22 14:13:12,2021-11-22 00:43:12
569,1637590452000.0,0.0,2021-11-22 14:14:12,2021-11-22 00:44:12
570,1637590512000.0,0.0,2021-11-22 14:15:12,2021-11-22 00:45:12
571,1637590572000.0,0.0,2021-11-22 14:16:12,2021-11-22 00:46:12
572,1637590632000.0,0.0,2021-11-22 14:17:12,2021-11-22 00:47:12
573,1637590692000.0,0.0,2021-11-22 14:18:12,2021-11-22 00:48:12
574,1637590752000.0,0.0,2021-11-22 14:19:12,2021-11-22 00:49:12
575,1637590812000.0,0.0,2021-11-22 14:20:12,2021-11-22 00:50:12
576,1637590872000.0,0.0,2021-11-22 14:21:12,2021-11-22 00:51:12
577,1637590932000.0,0.0,2021-11-22 14:22:12,2021-11-22 00:52:12
578,1637590992000.0,0.0,2021-11-22 14:23:12,2021-11-22 00:53:12
579,1637591052000.0,0.0,2021-11-22 14:24:12,2021-11-22 00:54:12
580,1637591112000.0,0.0,2021-11-22 14:25:12,2021-11-22 00:55:12
581,1637591172000.0,0.0,2021-11-22 14:26:12,2021-11-22 00:56:12
582,1637591232000.0,0.0,2021-11-22 14:27:12,2021-11-22 00:57:12
583,1637591292000.0,0.0,2021-11-22 14:28:12,2021-11-22 00:58:12
584,1637591352000.0,0.0,2021-11-22 14:29:12,2021-11-22 00:59:12
585,1637591412000.0,0.0,2021-11-22 14:30:12,2021-11-22 01:00:12
586,1637591472000.0,0.0,2021-11-22 14:31:12,2021-11-22 01:01:12
587,1637591532000.0,0.0,2021-11-22 14:32:12,2021-11-22 01:02:12
588,1637591592000.0,0.0,2021-11-22 14:33:12,2021-11-22 01:03:12
589,1637591652000.0,0.0,2021-11-22 14:34:12,2021-11-22 01:04:12
590,1637591712000.0,-1.0,2021-11-22 14:35:12,2021-11-22 01:05:12
591,1637591772000.0,-1.0,2021-11-22 14:36:12,2021-11-22 01:06:12
592,1637591832000.0,-1.0,2021-11-22 14:37:12,2021-11-22 01:07:12
593,1637591892000.0,-1.0,2021-11-22 14:38:12,2021-11-22 01:08:12
594,1637591952000.0,-1.0,2021-11-22 14:39:12,2021-11-22 01:09:12
595,1637592012000.0,0.0,2021-11-22 14:40:12,2021-11-22 01:10:12
596,1637592072000.0,0.0,2021-11-22 14:41:12,2021-11-22 01:11:12
597,1637592132000.0,0.0,2021-11-22 14:42:12,2021-11-22 01:12:12
598,1637592192000.0,0.0,2021-11-22 14:43:12,2021-11-22 01:13:12
599,1637592252000.0,0.0,2021-11-22 14:44:12,2021-11-22 01:14:12
600,1637592312000.0,0.0,2021-11-22 14:45:12,2021-11-22 01:15:12
601,1637592372000.0,0.0,2021-11-22 14:46:12,2021-11-22 01:16:12
602,1637592432000.0,0.0,2021-11-22 14:47:12,2021-11-22 01:17:12
603,1637592492000.0,0.0,2021-11-22 14:48:12,2021-11-22 01:18:12
604,1637592552000.0,0.0,2021-11-22 14:49:12,2021-11-22 01:19:12
605,1637592612000.0,0.0,2021-11-22 14:50:12,2021-11-22 01:20:12
606,1637592672000.0,0.0,2021-11-22 14:51:12,2021-11-22 01:21:12
607,1637592732000.0,0.0,2021-11-22 14:52:12,2021-11-22 01:22:12
608,1637592792000.0,0.0,2021-11-22 14:53:12,2021-11-22 01:23:12
609,1637592852000.0,0.0,2021-11-22 14:54:12,2021-11-22 01:24:12
610,1637592912000.0,0.0,2021-11-22 14:55:12,2021-11-22 01:25:12
611,1637592972000.0,0.0,2021-11-22 14:56:12,2021-11-22 01:26:12
612,1637593032000.0,0.0,2021-11-22 14:57:12,2021-11-22 01:27:12
613,1637593092000.0,0.0,2021-11-22 14:58:12,2021-11-22 01:28:12
614,1637593152000.0,0.0,2021-11-22 14:59:12,2021-11-22 01:29:12
615,1637593212000.0,0.0,2021-11-22 15:00:12,2021-11-22 01:30:12
616,1637593272000.0,0.0,2021-11-22 15:01:12,2021-11-22 01:31:12
617,1637593332000.0,0.0,2021-11-22 15:02:12,2021-11-22 01:32:12
618,1637593392000.0,0.0,2021-11-22 15:03:12,2021-11-22 01:33:12
619,1637593452000.0,0.0,2021-11-22 15:04:12,2021-11-22 01:34:12
620,1637593512000.0,0.0,2021-11-22 15:05:12,2021-11-22 01:35:12
621,1637593572000.0,0.0,2021-11-22 15:06:12,2021-11-22 01:36:12
622,1637593632000.0,0.0,2021-11-22 15:07:12,2021-11-22 01:37:12
623,1637593692000.0,0.0,2021-11-22 15:08:12,2021-11-22 01:38:12
624,1637593752000.0,0.0,2021-11-22 15:09:12,2021-11-22 01:39:12
625,1637593812000.0,0.0,2021-11-22 15:10:12,2021-11-22 01:40:12
626,1637593872000.0,0.0,2021-11-22 15:11:12,2021-11-22 01:41:12
627,1637593932000.0,0.0,2021-11-22 15:12:12,2021-11-22 01:42:12
628,1637593992000.0,0.0,2021-11-22 15:13:12,2021-11-22 01:43:12
629,1637594052000.0,0.0,2021-11-22 15:14:12,2021-11-22 01:44:12
630,1637594112000.0,-1.0,2021-11-22 15:15:12,2021-11-22 01:45:12
631,1637594172000.0,-1.0,2021-11-22 15:16:12,2021-11-22 01:46:12
632,1637594232000.0,-1.0,2021-11-22 15:17:12,2021-11-22 01:47:12
633,1637594292000.0,-1.0,2021-11-22 15:18:12,2021-11-22 01:48:12
634,1637594352000.0,-1.0,2021-11-22 15:19:12,2021-11-22 01:49:12
635,1637594412000.0,-1.0,2021-11-22 15:20:12,2021-11-22 01:50:12
636,1637594472000.0,-1.0,2021-11-22 15:21:12,2021-11-22 01:51:12
637,1637594532000.0,-1.0,2021-11-22 15:22:12,2021-11-22 01:52:12
638,1637594592000.0,-1.0,2021-11-22 15:23:12,2021-11-22 01:53:12
639,1637594652000.0,-1.0,2021-11-22 15:24:12,2021-11-22 01:54:12
640,1637594712000.0,0.0,2021-11-22 15:25:12,2021-11-22 01:55:12
641,1637594772000.0,0.0,2021-11-22 15:26:12,2021-11-22 01:56:12
642,1637594832000.0,0.0,2021-11-22 15:27:12,2021-11-22 01:57:12
643,1637594892000.0,0.0,2021-11-22 15:28:12,2021-11-22 01:58:12
644,1637594952000.0,0.0,2021-11-22 15:29:12,2021-11-22 01:59:12
645,1637595012000.0,0.0,2021-11-22 15:30:12,2021-11-22 02:00:12
646,1637595072000.0,0.0,2021-11-22 15:31:12,2021-11-22 02:01:12
647,1637595132000.0,0.0,2021-11-22 15:32:12,2021-11-22 02:02:12
648,1637595192000.0,0.0,2021-11-22 15:33:12,2021-11-22 02:03:12
649,1637595252000.0,0.0,2021-11-22 15:34:12,2021-11-22 02:04:12
650,1637595312000.0,0.0,2021-11-22 15:35:12,2021-11-22 02:05:12
651,1637595372000.0,0.0,2021-11-22 15:36:12,2021-11-22 02:06:12
652,1637595432000.0,0.0,2021-11-22 15:37:12,2021-11-22 02:07:12
653,1637595492000.0,0.0,2021-11-22 15:38:12,2021-11-22 02:08:12
654,1637595552000.0,0.0,2021-11-22 15:39:12,2021-11-22 02:09:12
655,1637595612000.0,0.0,2021-11-22 15:40:12,2021-11-22 02:10:12
656,1637595672000.0,0.0,2021-11-22 15:41:12,2021-11-22 02:11:12
657,1637595732000.0,0.0,2021-11-22 15:42:12,2021-11-22 02:12:12
658,1637595792000.0,0.0,2021-11-22 15:43:12,2021-11-22 02:13:12
659,1637595852000.0,0.0,2021-11-22 15:44:12,2021-11-22 02:14:12
660,1637595912000.0,0.0,2021-11-22 15:45:12,2021-11-22 02:15:12
661,1637595972000.0,0.0,2021-11-22 15:46:12,2021-11-22 02:16:12
662,1637596032000.0,0.0,2021-11-22 15:47:12,2021-11-22 02:17:12
663,1637596092000.0,0.0,2021-11-22 15:48:12,2021-11-22 02:18:12
664,1637596152000.0,0.0,2021-11-22 15:49:12,2021-11-22 02:19:12
665,1637596212000.0,0.0,2021-11-22 15:50:12,2021-11-22 02:20:12
666,1637596272000.0,0.0,2021-11-22 15:51:12,2021-11-22 02:21:12
667,1637596332000.0,0.0,2021-11-22 15:52:12,2021-11-22 02:22:12
668,1637596392000.0,0.0,2021-11-22 15:53:12,2021-11-22 02:23:12
669,1637596452000.0,0.0,2021-11-22 15:54:12,2021-11-22 02:24:12
670,1637596512000.0,0.0,2021-11-22 15:55:12,2021-11-22 02:25:12
671,1637596572000.0,0.0,2021-11-22 15:56:12,2021-11-22 02:26:12
672,1637596632000.0,0.0,2021-11-22 15:57:12,2021-11-22 02:27:12
673,1637596692000.0,0.0,2021-11-22 15:58:12,2021-11-22 02:28:12
674,1637596752000.0,0.0,2021-11-22 15:59:12,2021-11-22 02:29:12
675,1637596812000.0,0.0,2021-11-22 16:00:12,2021-11-22 02:30:12
676,1637596872000.0,0.0,2021-11-22 16:01:12,2021-11-22 02:31:12
677,1637596932000.0,0.0,2021-11-22 16:02:12,2021-11-22 02:32:12
678,1637596992000.0,0.0,2021-11-22 16:03:12,2021-11-22 02:33:12
679,1637597052000.0,0.0,2021-11-22 16:04:12,2021-11-22 02:34:12
680,1637597112000.0,1.0,2021-11-22 16:05:12,2021-11-22 02:35:12
681,1637597172000.0,1.0,2021-11-22 16:06:12,2021-11-22 02:36:12
682,1637597232000.0,1.0,2021-11-22 16:07:12,2021-11-22 02:37:12
683,1637597292000.0,0.0,2021-11-22 16:08:12,2021-11-22 02:38:12
684,1637597352000.0,0.0,2021-11-22 16:09:12,2021-11-22 02:39:12
685,1637597412000.0,0.0,2021-11-22 16:10:12,2021-11-22 02:40:12
686,1637597472000.0,0.0,2021-11-22 16:11:12,2021-11-22 02:41:12
687,1637597532000.0,0.0,2021-11-22 16:12:12,2021-11-22 02:42:12
688,1637597592000.0,0.0,2021-11-22 16:13:12,2021-11-22 02:43:12
689,1637597652000.0,0.0,2021-11-22 16:14:12,2021-11-22 02:44:12
690,1637597712000.0,0.0,2021-11-22 16:15:12,2021-11-22 02:45:12
691,1637597772000.0,0.0,2021-11-22 16:16:12,2021-11-22 02:46:12
692,1637597832000.0,0.0,2021-11-22 16:17:12,2021-11-22 02:47:12
693,1637597892000.0,0.0,2021-11-22 16:18:12,2021-11-22 02:48:12
694,1637597952000.0,0.0,2021-11-22 16:19:12,2021-11-22 02:49:12
695,1637598012000.0,0.0,2021-11-22 16:20:12,2021-11-22 02:50:12
696,1637598072000.0,0.0,2021-11-22 16:21:12,2021-11-22 02:51:12
697,1637598132000.0,0.0,2021-11-22 16:22:12,2021-11-22 02:52:12
698,1637598192000.0,0.0,2021-11-22 16:23:12,2021-11-22 02:53:12
699,1637598252000.0,0.0,2021-11-22 16:24:12,2021-11-22 02:54:12
700,1637598312000.0,0.0,2021-11-22 16:25:12,2021-11-22 02:55:12
701,1637598372000.0,0.0,2021-11-22 16:26:12,2021-11-22 02:56:12
702,1637598432000.0,0.0,2021-11-22 16:27:12,2021-11-22 02:57:12
703,1637598492000.0,0.0,2021-11-22 16:28:12,2021-11-22 02:58:12
704,1637598552000.0,0.0,2021-11-22 16:29:12,2021-11-22 02:59:12
705,1637598612000.0,-1.0,2021-11-22 16:30:12,2021-11-22 03:00:12
706,1637598672000.0,-1.0,2021-11-22 16:31:12,2021-11-22 03:01:12
707,1637598732000.0,-1.0,2021-11-22 16:32:12,2021-11-22 03:02:12
708,1637598792000.0,-1.0,2021-11-22 16:33:12,2021-11-22 03:03:12
709,1637598852000.0,-1.0,2021-11-22 16:34:12,2021-11-22 03:04:12
710,1637598912000.0,-1.0,2021-11-22 16:35:12,2021-11-22 03:05:12
711,1637598972000.0,-1.0,2021-11-22 16:36:12,2021-11-22 03:06:12
712,1637599032000.0,-1.0,2021-11-22 16:37:12,2021-11-22 03:07:12
713,1637599092000.0,-1.0,2021-11-22 16:38:12,2021-11-22 03:08:12
714,1637599152000.0,-1.0,2021-11-22 16:39:12,2021-11-22 03:09:12
715,1637599212000.0,-1.0,2021-11-22 16:40:12,2021-11-22 03:10:12
716,1637599272000.0,-1.0,2021-11-22 16:41:12,2021-11-22 03:11:12
717,1637599332000.0,-1.0,2021-11-22 16:42:12,2021-11-22 03:12:12
718,1637599392000.0,-1.0,2021-11-22 16:43:12,2021-11-22 03:13:12
719,1637599452000.0,-1.0,2021-11-22 16:44:12,2021-11-22 03:14:12
720,1637599512000.0,-1.0,2021-11-22 16:45:12,2021-11-22 03:15:12
721,1637599572000.0,-1.0,2021-11-22 16:46:12,2021-11-22 03:16:12
722,1637599632000.0,-1.0,2021-11-22 16:47:12,2021-11-22 03:17:12
723,1637599692000.0,-1.0,2021-11-22 16:48:12,2021-11-22 03:18:12
724,1637599752000.0,-1.0,2021-11-22 16:49:12,2021-11-22 03:19:12
725,1637599812000.0,-1.0,2021-11-22 16:50:12,2021-11-22 03:20:12
726,1637599872000.0,-1.0,2021-11-22 16:51:12,2021-11-22 03:21:12
727,1637599932000.0,-1.0,2021-11-22 16:52:12,2021-11-22 03:22:12
728,1637599992000.0,-1.0,2021-11-22 16:53:12,2021-11-22 03:23:12
729,1637600052000.0,-1.0,2021-11-22 16:54:12,2021-11-22 03:24:12
730,1637600112000.0,0.0,2021-11-22 16:55:12,2021-11-22 03:25:12
731,1637600172000.0,0.0,2021-11-22 16:56:12,2021-11-22 03:26:12
732,1637600232000.0,0.0,2021-11-22 16:57:12,2021-11-22 03:27:12
733,1637600292000.0,0.0,2021-11-22 16:58:12,2021-11-22 03:28:12
734,1637600352000.0,0.0,2021-11-22 16:59:12,2021-11-22 03:29:12
735,1637600412000.0,0.0,2021-11-22 17:00:12,2021-11-22 03:30:12
736,1637600472000.0,0.0,2021-11-22 17:01:12,2021-11-22 03:31:12
737,1637600533000.0,0.0,2021-11-22 17:02:13,2021-11-22 03:32:13
738,1637600592000.0,0.0,2021-11-22 17:03:12,2021-11-22 03:33:12
739,1637600652000.0,0.0,2021-11-22 17:04:12,2021-11-22 03:34:12
740,1637600712000.0,0.0,2021-11-22 17:05:12,2021-11-22 03:35:12
741,1637600772000.0,0.0,2021-11-22 17:06:12,2021-11-22 03:36:12
742,1637600832000.0,0.0,2021-11-22 17:07:12,2021-11-22 03:37:12
743,1637600892000.0,0.0,2021-11-22 17:08:12,2021-11-22 03:38:12
744,1637600952000.0,0.0,2021-11-22 17:09:12,2021-11-22 03:39:12
745,1637601012000.0,0.0,2021-11-22 17:10:12,2021-11-22 03:40:12
746,1637601072000.0,0.0,2021-11-22 17:11:12,2021-11-22 03:41:12
747,1637601132000.0,0.0,2021-11-22 17:12:12,2021-11-22 03:42:12
748,1637601192000.0,0.0,2021-11-22 17:13:12,2021-11-22 03:43:12
749,1637601252000.0,0.0,2021-11-22 17:14:12,2021-11-22 03:44:12
750,1637601312000.0,0.0,2021-11-22 17:15:12,2021-11-22 03:45:12
751,1637601372000.0,0.0,2021-11-22 17:16:12,2021-11-22 03:46:12
752,1637601432000.0,0.0,2021-11-22 17:17:12,2021-11-22 03:47:12
753,1637601492000.0,0.0,2021-11-22 17:18:12,2021-11-22 03:48:12
754,1637601552000.0,0.0,2021-11-22 17:19:12,2021-11-22 03:49:12
755,1637601612000.0,0.0,2021-11-22 17:20:12,2021-11-22 03:50:12
756,1637601672000.0,0.0,2021-11-22 17:21:12,2021-11-22 03:51:12
757,1637601732000.0,0.0,2021-11-22 17:22:12,2021-11-22 03:52:12
758,1637601792000.0,0.0,2021-11-22 17:23:12,2021-11-22 03:53:12
759,1637601852000.0,0.0,2021-11-22 17:24:12,2021-11-22 03:54:12
760,1637601912000.0,0.0,2021-11-22 17:25:12,2021-11-22 03:55:12
761,1637601972000.0,0.0,2021-11-22 17:26:12,2021-11-22 03:56:12
762,1637602032000.0,0.0,2021-11-22 17:27:12,2021-11-22 03:57:12
763,1637602092000.0,0.0,2021-11-22 17:28:12,2021-11-22 03:58:12
764,1637602152000.0,0.0,2021-11-22 17:29:12,2021-11-22 03:59:12
765,1637602212000.0,0.0,2021-11-22 17:30:12,2021-11-22 04:00:12
766,1637602272000.0,0.0,2021-11-22 17:31:12,2021-11-22 04:01:12
767,1637602332000.0,0.0,2021-11-22 17:32:12,2021-11-22 04:02:12
768,1637602392000.0,0.0,2021-11-22 17:33:12,2021-11-22 04:03:12
769,1637602452000.0,0.0,2021-11-22 17:34:12,2021-11-22 04:04:12
770,1637602512000.0,0.0,2021-11-22 17:35:12,2021-11-22 04:05:12
771,1637602572000.0,0.0,2021-11-22 17:36:12,2021-11-22 04:06:12
772,1637602632000.0,0.0,2021-11-22 17:37:12,2021-11-22 04:07:12
773,1637602692000.0,0.0,2021-11-22 17:38:12,2021-11-22 04:08:12
774,1637602752000.0,0.0,2021-11-22 17:39:12,2021-11-22 04:09:12
775,1637602812000.0,0.0,2021-11-22 17:40:12,2021-11-22 04:10:12
776,1637602872000.0,0.0,2021-11-22 17:41:12,2021-11-22 04:11:12
777,1637602932000.0,0.0,2021-11-22 17:42:12,2021-11-22 04:12:12
778,1637602992000.0,0.0,2021-11-22 17:43:12,2021-11-22 04:13:12
779,1637603052000.0,0.0,2021-11-22 17:44:12,2021-11-22 04:14:12
780,1637603112000.0,0.0,2021-11-22 17:45:12,2021-11-22 04:15:12
781,1637603172000.0,0.0,2021-11-22 17:46:12,2021-11-22 04:16:12
782,1637603232000.0,0.0,2021-11-22 17:47:12,2021-11-22 04:17:12
783,1637603292000.0,0.0,2021-11-22 17:48:12,2021-11-22 04:18:12
784,1637603352000.0,0.0,2021-11-22 17:49:12,2021-11-22 04:19:12
785,1637603412000.0,0.0,2021-11-22 17:50:12,2021-11-22 04:20:12
786,1637603472000.0,0.0,2021-11-22 17:51:12,2021-11-22 04:21:12
787,1637603532000.0,0.0,2021-11-22 17:52:12,2021-11-22 04:22:12
788,1637603592000.0,0.0,2021-11-22 17:53:12,2021-11-22 04:23:12
789,1637603652000.0,0.0,2021-11-22 17:54:12,2021-11-22 04:24:12
790,1637603712000.0,0.0,2021-11-22 17:55:12,2021-11-22 04:25:12
791,1637603772000.0,0.0,2021-11-22 17:56:12,2021-11-22 04:26:12
792,1637603832000.0,0.0,2021-11-22 17:57:12,2021-11-22 04:27:12
793,1637603892000.0,0.0,2021-11-22 17:58:12,2021-11-22 04:28:12
794,1637603952000.0,0.0,2021-11-22 17:59:12,2021-11-22 04:29:12
795,1637604012000.0,0.0,2021-11-22 18:00:12,2021-11-22 04:30:12
796,1637604072000.0,0.0,2021-11-22 18:01:12,2021-11-22 04:31:12
797,1637604132000.0,0.0,2021-11-22 18:02:12,2021-11-22 04:32:12
798,1637604192000.0,0.0,2021-11-22 18:03:12,2021-11-22 04:33:12
799,1637604252000.0,0.0,2021-11-22 18:04:12,2021-11-22 04:34:12
800,1637604312000.0,0.0,2021-11-22 18:05:12,2021-11-22 04:35:12
801,1637604372000.0,0.0,2021-11-22 18:06:12,2021-11-22 04:36:12
802,1637604432000.0,0.0,2021-11-22 18:07:12,2021-11-22 04:37:12
803,1637604492000.0,0.0,2021-11-22 18:08:12,2021-11-22 04:38:12
804,1637604552000.0,0.0,2021-11-22 18:09:12,2021-11-22 04:39:12
805,1637604612000.0,0.0,2021-11-22 18:10:12,2021-11-22 04:40:12
806,1637604672000.0,0.0,2021-11-22 18:11:12,2021-11-22 04:41:12
807,1637604732000.0,0.0,2021-11-22 18:12:12,2021-11-22 04:42:12
808,1637604792000.0,0.0,2021-11-22 18:13:12,2021-11-22 04:43:12
809,1637604852000.0,0.0,2021-11-22 18:14:12,2021-11-22 04:44:12
810,1637604912000.0,0.0,2021-11-22 18:15:12,2021-11-22 04:45:12
811,1637604972000.0,0.0,2021-11-22 18:16:12,2021-11-22 04:46:12
812,1637605032000.0,0.0,2021-11-22 18:17:12,2021-11-22 04:47:12
813,1637605092000.0,0.0,2021-11-22 18:18:12,2021-11-22 04:48:12
814,1637605152000.0,0.0,2021-11-22 18:19:12,2021-11-22 04:49:12
815,1637605212000.0,0.0,2021-11-22 18:20:12,2021-11-22 04:50:12
816,1637605272000.0,0.0,2021-11-22 18:21:12,2021-11-22 04:51:12
817,1637605332000.0,0.0,2021-11-22 18:22:12,2021-11-22 04:52:12
818,1637605392000.0,0.0,2021-11-22 18:23:12,2021-11-22 04:53:12
819,1637605452000.0,0.0,2021-11-22 18:24:12,2021-11-22 04:54:12
820,1637605512000.0,0.0,2021-11-22 18:25:12,2021-11-22 04:55:12
821,1637605572000.0,0.0,2021-11-22 18:26:12,2021-11-22 04:56:12
822,1637605632000.0,0.0,2021-11-22 18:27:12,2021-11-22 04:57:12
823,1637605692000.0,0.0,2021-11-22 18:28:12,2021-11-22 04:58:12
824,1637605752000.0,0.0,2021-11-22 18:29:12,2021-11-22 04:59:12
825,1637605812000.0,0.0,2021-11-22 18:30:12,2021-11-22 05:00:12
826,1637605872000.0,0.0,2021-11-22 18:31:12,2021-11-22 05:01:12
827,1637605932000.0,0.0,2021-11-22 18:32:12,2021-11-22 05:02:12
828,1637605992000.0,0.0,2021-11-22 18:33:12,2021-11-22 05:03:12
829,1637606052000.0,0.0,2021-11-22 18:34:12,2021-11-22 05:04:12
830,1637606112000.0,0.0,2021-11-22 18:35:12,2021-11-22 05:05:12
831,1637606172000.0,0.0,2021-11-22 18:36:12,2021-11-22 05:06:12
832,1637606232000.0,0.0,2021-11-22 18:37:12,2021-11-22 05:07:12
833,1637606292000.0,0.0,2021-11-22 18:38:12,2021-11-22 05:08:12
834,1637606352000.0,0.0,2021-11-22 18:39:12,2021-11-22 05:09:12
835,1637606412000.0,0.0,2021-11-22 18:40:12,2021-11-22 05:10:12
836,1637606472000.0,0.0,2021-11-22 18:41:12,2021-11-22 05:11:12
837,1637606532000.0,0.0,2021-11-22 18:42:12,2021-11-22 05:12:12
838,1637606592000.0,0.0,2021-11-22 18:43:12,2021-11-22 05:13:12
839,1637606652000.0,0.0,2021-11-22 18:44:12,2021-11-22 05:14:12
840,1637606712000.0,0.0,2021-11-22 18:45:12,2021-11-22 05:15:12
841,1637606772000.0,0.0,2021-11-22 18:46:12,2021-11-22 05:16:12
842,1637606832000.0,0.0,2021-11-22 18:47:12,2021-11-22 05:17:12
843,1637606892000.0,0.0,2021-11-22 18:48:12,2021-11-22 05:18:12
844,1637606952000.0,0.0,2021-11-22 18:49:12,2021-11-22 05:19:12
845,1637607012000.0,0.0,2021-11-22 18:50:12,2021-11-22 05:20:12
846,1637607072000.0,0.0,2021-11-22 18:51:12,2021-11-22 05:21:12
847,1637607132000.0,0.0,2021-11-22 18:52:12,2021-11-22 05:22:12
848,1637607192000.0,0.0,2021-11-22 18:53:12,2021-11-22 05:23:12
849,1637607252000.0,0.0,2021-11-22 18:54:12,2021-11-22 05:24:12
850,1637607312000.0,0.0,2021-11-22 18:55:12,2021-11-22 05:25:12
851,1637607372000.0,0.0,2021-11-22 18:56:12,2021-11-22 05:26:12
852,1637607432000.0,0.0,2021-11-22 18:57:12,2021-11-22 05:27:12
853,1637607492000.0,0.0,2021-11-22 18:58:12,2021-11-22 05:28:12
854,1637607552000.0,0.0,2021-11-22 18:59:12,2021-11-22 05:29:12
855,1637607612000.0,0.0,2021-11-22 19:00:12,2021-11-22 05:30:12
856,1637607672000.0,0.0,2021-11-22 19:01:12,2021-11-22 05:31:12
857,1637607732000.0,0.0,2021-11-22 19:02:12,2021-11-22 05:32:12
858,1637607792000.0,0.0,2021-11-22 19:03:12,2021-11-22 05:33:12
859,1637607852000.0,0.0,2021-11-22 19:04:12,2021-11-22 05:34:12
860,1637607912000.0,0.0,2021-11-22 19:05:12,2021-11-22 05:35:12
861,1637607972000.0,0.0,2021-11-22 19:06:12,2021-11-22 05:36:12
862,1637608032000.0,0.0,2021-11-22 19:07:12,2021-11-22 05:37:12
863,1637608092000.0,0.0,2021-11-22 19:08:12,2021-11-22 05:38:12
864,1637608152000.0,0.0,2021-11-22 19:09:12,2021-11-22 05:39:12
865,1637608212000.0,0.0,2021-11-22 19:10:12,2021-11-22 05:40:12
866,1637608272000.0,0.0,2021-11-22 19:11:12,2021-11-22 05:41:12
867,1637608332000.0,0.0,2021-11-22 19:12:12,2021-11-22 05:42:12
868,1637608392000.0,0.0,2021-11-22 19:13:12,2021-11-22 05:43:12
869,1637608452000.0,0.0,2021-11-22 19:14:12,2021-11-22 05:44:12
870,1637608512000.0,0.0,2021-11-22 19:15:12,2021-11-22 05:45:12
871,1637608572000.0,0.0,2021-11-22 19:16:12,2021-11-22 05:46:12
872,1637608632000.0,0.0,2021-11-22 19:17:12,2021-11-22 05:47:12
873,1637608692000.0,0.0,2021-11-22 19:18:12,2021-11-22 05:48:12
874,1637608752000.0,0.0,2021-11-22 19:19:12,2021-11-22 05:49:12
875,1637608812000.0,0.0,2021-11-22 19:20:12,2021-11-22 05:50:12
876,1637608872000.0,0.0,2021-11-22 19:21:12,2021-11-22 05:51:12
877,1637608932000.0,0.0,2021-11-22 19:22:12,2021-11-22 05:52:12
878,1637608992000.0,0.0,2021-11-22 19:23:12,2021-11-22 05:53:12
879,1637609052000.0,0.0,2021-11-22 19:24:12,2021-11-22 05:54:12
880,1637609112000.0,0.0,2021-11-22 19:25:12,2021-11-22 05:55:12
881,1637609172000.0,0.0,2021-11-22 19:26:12,2021-11-22 05:56:12
882,1637609232000.0,0.0,2021-11-22 19:27:12,2021-11-22 05:57:12
883,1637609292000.0,0.0,2021-11-22 19:28:12,2021-11-22 05:58:12
884,1637609352000.0,0.0,2021-11-22 19:29:12,2021-11-22 05:59:12
885,1637609412000.0,0.0,2021-11-22 19:30:12,2021-11-22 06:00:12
886,1637609472000.0,0.0,2021-11-22 19:31:12,2021-11-22 06:01:12
887,1637609532000.0,0.0,2021-11-22 19:32:12,2021-11-22 06:02:12
888,1637609592000.0,0.0,2021-11-22 19:33:12,2021-11-22 06:03:12
889,1637609652000.0,0.0,2021-11-22 19:34:12,2021-11-22 06:04:12
890,1637609712000.0,-1.0,2021-11-22 19:35:12,2021-11-22 06:05:12
891,1637609772000.0,-1.0,2021-11-22 19:36:12,2021-11-22 06:06:12
892,1637609832000.0,-1.0,2021-11-22 19:37:12,2021-11-22 06:07:12
893,1637609892000.0,-1.0,2021-11-22 19:38:12,2021-11-22 06:08:12
894,1637609952000.0,-1.0,2021-11-22 19:39:12,2021-11-22 06:09:12
895,1637610012000.0,-1.0,2021-11-22 19:40:12,2021-11-22 06:10:12
896,1637610072000.0,-1.0,2021-11-22 19:41:12,2021-11-22 06:11:12
897,1637610132000.0,-1.0,2021-11-22 19:42:12,2021-11-22 06:12:12
898,1637610192000.0,-1.0,2021-11-22 19:43:12,2021-11-22 06:13:12
899,1637610252000.0,-1.0,2021-11-22 19:44:12,2021-11-22 06:14:12
900,1637610312000.0,0.0,2021-11-22 19:45:12,2021-11-22 06:15:12
901,1637610372000.0,0.0,2021-11-22 19:46:12,2021-11-22 06:16:12
902,1637610432000.0,0.0,2021-11-22 19:47:12,2021-11-22 06:17:12
903,1637610492000.0,0.0,2021-11-22 19:48:12,2021-11-22 06:18:12
904,1637610552000.0,0.0,2021-11-22 19:49:12,2021-11-22 06:19:12
905,1637610612000.0,0.0,2021-11-22 19:50:12,2021-11-22 06:20:12
906,1637610672000.0,0.0,2021-11-22 19:51:12,2021-11-22 06:21:12
907,1637610732000.0,0.0,2021-11-22 19:52:12,2021-11-22 06:22:12
908,1637610792000.0,0.0,2021-11-22 19:53:12,2021-11-22 06:23:12
909,1637610852000.0,0.0,2021-11-22 19:54:12,2021-11-22 06:24:12
910,1637610912000.0,0.0,2021-11-22 19:55:12,2021-11-22 06:25:12
911,1637610972000.0,0.0,2021-11-22 19:56:12,2021-11-22 06:26:12
912,1637611032000.0,0.0,2021-11-22 19:57:12,2021-11-22 06:27:12
913,1637611092000.0,0.0,2021-11-22 19:58:12,2021-11-22 06:28:12
914,1637611152000.0,0.0,2021-11-22 19:59:12,2021-11-22 06:29:12
915,1637611212000.0,-1.0,2021-11-22 20:00:12,2021-11-22 06:30:12
916,1637611272000.0,-1.0,2021-11-22 20:01:12,2021-11-22 06:31:12
917,1637611332000.0,-1.0,2021-11-22 20:02:12,2021-11-22 06:32:12
918,1637611392000.0,-1.0,2021-11-22 20:03:12,2021-11-22 06:33:12
919,1637611452000.0,-1.0,2021-11-22 20:04:12,2021-11-22 06:34:12
920,1637611512000.0,0.0,2021-11-22 20:05:12,2021-11-22 06:35:12
921,1637611572000.0,0.0,2021-11-22 20:06:12,2021-11-22 06:36:12
922,1637611632000.0,0.0,2021-11-22 20:07:12,2021-11-22 06:37:12
923,1637611692000.0,0.0,2021-11-22 20:08:12,2021-11-22 06:38:12
924,1637611752000.0,0.0,2021-11-22 20:09:12,2021-11-22 06:39:12
925,1637611812000.0,0.0,2021-11-22 20:10:12,2021-11-22 06:40:12
926,1637611872000.0,0.0,2021-11-22 20:11:12,2021-11-22 06:41:12
927,1637611932000.0,0.0,2021-11-22 20:12:12,2021-11-22 06:42:12
928,1637611992000.0,0.0,2021-11-22 20:13:12,2021-11-22 06:43:12
929,1637612052000.0,0.0,2021-11-22 20:14:12,2021-11-22 06:44:12
930,1637612112000.0,0.0,2021-11-22 20:15:12,2021-11-22 06:45:12
931,1637612172000.0,0.0,2021-11-22 20:16:12,2021-11-22 06:46:12
932,1637612232000.0,0.0,2021-11-22 20:17:12,2021-11-22 06:47:12
933,1637612292000.0,0.0,2021-11-22 20:18:12,2021-11-22 06:48:12
934,1637612352000.0,0.0,2021-11-22 20:19:12,2021-11-22 06:49:12
935,1637612412000.0,0.0,2021-11-22 20:20:12,2021-11-22 06:50:12
936,1637612472000.0,0.0,2021-11-22 20:21:12,2021-11-22 06:51:12
937,1637612532000.0,0.0,2021-11-22 20:22:12,2021-11-22 06:52:12
938,1637612592000.0,0.0,2021-11-22 20:23:12,2021-11-22 06:53:12
939,1637612652000.0,0.0,2021-11-22 20:24:12,2021-11-22 06:54:12
940,1637612712000.0,0.0,2021-11-22 20:25:12,2021-11-22 06:55:12
941,1637612772000.0,0.0,2021-11-22 20:26:12,2021-11-22 06:56:12
942,1637612832000.0,0.0,2021-11-22 20:27:12,2021-11-22 06:57:12
943,1637612892000.0,0.0,2021-11-22 20:28:12,2021-11-22 06:58:12
944,1637612952000.0,0.0,2021-11-22 20:29:12,2021-11-22 06:59:12
945,1637613012000.0,0.0,2021-11-22 20:30:12,2021-11-22 07:00:12
946,1637613072000.0,0.0,2021-11-22 20:31:12,2021-11-22 07:01:12
947,1637613132000.0,0.0,2021-11-22 20:32:12,2021-11-22 07:02:12
948,1637613192000.0,0.0,2021-11-22 20:33:12,2021-11-22 07:03:12
949,1637613252000.0,0.0,2021-11-22 20:34:12,2021-11-22 07:04:12
950,1637613312000.0,0.0,2021-11-22 20:35:12,2021-11-22 07:05:12
951,1637613372000.0,0.0,2021-11-22 20:36:12,2021-11-22 07:06:12
952,1637613432000.0,0.0,2021-11-22 20:37:12,2021-11-22 07:07:12
953,1637613492000.0,0.0,2021-11-22 20:38:12,2021-11-22 07:08:12
954,1637613552000.0,0.0,2021-11-22 20:39:12,2021-11-22 07:09:12
955,1637613612000.0,0.0,2021-11-22 20:40:12,2021-11-22 07:10:12
956,1637613672000.0,0.0,2021-11-22 20:41:12,2021-11-22 07:11:12
957,1637613732000.0,0.0,2021-11-22 20:42:12,2021-11-22 07:12:12
958,1637613792000.0,0.0,2021-11-22 20:43:12,2021-11-22 07:13:12
959,1637613852000.0,0.0,2021-11-22 20:44:12,2021-11-22 07:14:12
960,1637613912000.0,0.0,2021-11-22 20:45:12,2021-11-22 07:15:12
961,1637613972000.0,0.0,2021-11-22 20:46:12,2021-11-22 07:16:12
962,1637614032000.0,0.0,2021-11-22 20:47:12,2021-11-22 07:17:12
963,1637614092000.0,0.0,2021-11-22 20:48:12,2021-11-22 07:18:12
964,1637614152000.0,0.0,2021-11-22 20:49:12,2021-11-22 07:19:12
965,1637614212000.0,0.0,2021-11-22 20:50:12,2021-11-22 07:20:12
966,1637614272000.0,0.0,2021-11-22 20:51:12,2021-11-22 07:21:12
967,1637614332000.0,0.0,2021-11-22 20:52:12,2021-11-22 07:22:12
968,1637614392000.0,0.0,2021-11-22 20:53:12,2021-11-22 07:23:12
969,1637614452000.0,0.0,2021-11-22 20:54:12,2021-11-22 07:24:12
970,1637614512000.0,0.0,2021-11-22 20:55:12,2021-11-22 07:25:12
971,1637614572000.0,0.0,2021-11-22 20:56:12,2021-11-22 07:26:12
972,1637614632000.0,0.0,2021-11-22 20:57:12,2021-11-22 07:27:12
973,1637614692000.0,0.0,2021-11-22 20:58:12,2021-11-22 07:28:12
974,1637614752000.0,0.0,2021-11-22 20:59:12,2021-11-22 07:29:12
975,1637614812000.0,0.0,2021-11-22 21:00:12,2021-11-22 07:30:12
976,1637614872000.0,0.0,2021-11-22 21:01:12,2021-11-22 07:31:12
977,1637614932000.0,0.0,2021-11-22 21:02:12,2021-11-22 07:32:12
978,1637614992000.0,0.0,2021-11-22 21:03:12,2021-11-22 07:33:12
979,1637615052000.0,0.0,2021-11-22 21:04:12,2021-11-22 07:34:12
980,1637615112000.0,0.0,2021-11-22 21:05:12,2021-11-22 07:35:12
981,1637615172000.0,0.0,2021-11-22 21:06:12,2021-11-22 07:36:12
982,1637615232000.0,0.0,2021-11-22 21:07:12,2021-11-22 07:37:12
983,1637615292000.0,0.0,2021-11-22 21:08:12,2021-11-22 07:38:12
984,1637615352000.0,0.0,2021-11-22 21:09:12,2021-11-22 07:39:12
985,1637615412000.0,0.0,2021-11-22 21:10:12,2021-11-22 07:40:12
986,1637615472000.0,0.0,2021-11-22 21:11:12,2021-11-22 07:41:12
987,1637615532000.0,0.0,2021-11-22 21:12:12,2021-11-22 07:42:12
988,1637615592000.0,0.0,2021-11-22 21:13:12,2021-11-22 07:43:12
989,1637615652000.0,0.0,2021-11-22 21:14:12,2021-11-22 07:44:12
990,1637615712000.0,0.0,2021-11-22 21:15:12,2021-11-22 07:45:12
991,1637615772000.0,0.0,2021-11-22 21:16:12,2021-11-22 07:46:12
992,1637615832000.0,0.0,2021-11-22 21:17:12,2021-11-22 07:47:12
993,1637615892000.0,0.0,2021-11-22 21:18:12,2021-11-22 07:48:12
994,1637615952000.0,0.0,2021-11-22 21:19:12,2021-11-22 07:49:12
995,1637616012000.0,0.0,2021-11-22 21:20:12,2021-11-22 07:50:12
996,1637616072000.0,0.0,2021-11-22 21:21:12,2021-11-22 07:51:12
997,1637616132000.0,0.0,2021-11-22 21:22:12,2021-11-22 07:52:12
998,1637616192000.0,0.0,2021-11-22 21:23:12,2021-11-22 07:53:12
999,1637616252000.0,0.0,2021-11-22 21:24:12,2021-11-22 07:54:12
1000,1637616312000.0,0.0,2021-11-22 21:25:12,2021-11-22 07:55:12
1001,1637616372000.0,0.0,2021-11-22 21:26:12,2021-11-22 07:56:12
1002,1637616432000.0,0.0,2021-11-22 21:27:12,2021-11-22 07:57:12
1003,1637616492000.0,0.0,2021-11-22 21:28:12,2021-11-22 07:58:12
1004,1637616552000.0,0.0,2021-11-22 21:29:12,2021-11-22 07:59:12
1005,1637616612000.0,0.0,2021-11-22 21:30:12,2021-11-22 08:00:12
1006,1637616672000.0,0.0,2021-11-22 21:31:12,2021-11-22 08:01:12
1007,1637616732000.0,0.0,2021-11-22 21:32:12,2021-11-22 08:02:12
1008,1637616792000.0,0.0,2021-11-22 21:33:12,2021-11-22 08:03:12
1009,1637616852000.0,0.0,2021-11-22 21:34:12,2021-11-22 08:04:12
1010,1637616912000.0,0.0,2021-11-22 21:35:12,2021-11-22 08:05:12
1011,1637616972000.0,0.0,2021-11-22 21:36:12,2021-11-22 08:06:12
1012,1637617032000.0,0.0,2021-11-22 21:37:12,2021-11-22 08:07:12
1013,1637617092000.0,0.0,2021-11-22 21:38:12,2021-11-22 08:08:12
1014,1637617152000.0,0.0,2021-11-22 21:39:12,2021-11-22 08:09:12
1015,1637617212000.0,0.0,2021-11-22 21:40:12,2021-11-22 08:10:12
1016,1637617272000.0,0.0,2021-11-22 21:41:12,2021-11-22 08:11:12
1017,1637617332000.0,0.0,2021-11-22 21:42:12,2021-11-22 08:12:12
1018,1637617392000.0,0.0,2021-11-22 21:43:12,2021-11-22 08:13:12
1019,1637617452000.0,0.0,2021-11-22 21:44:12,2021-11-22 08:14:12
1020,1637617512000.0,0.0,2021-11-22 21:45:12,2021-11-22 08:15:12
1021,1637617572000.0,0.0,2021-11-22 21:46:12,2021-11-22 08:16:12
1022,1637617632000.0,0.0,2021-11-22 21:47:12,2021-11-22 08:17:12
1023,1637617692000.0,0.0,2021-11-22 21:48:12,2021-11-22 08:18:12
1024,1637617752000.0,0.0,2021-11-22 21:49:12,2021-11-22 08:19:12
1025,1637617812000.0,0.0,2021-11-22 21:50:12,2021-11-22 08:20:12
1026,1637617872000.0,0.0,2021-11-22 21:51:12,2021-11-22 08:21:12
1027,1637617932000.0,0.0,2021-11-22 21:52:12,2021-11-22 08:22:12
1028,1637617992000.0,0.0,2021-11-22 21:53:12,2021-11-22 08:23:12
1029,1637618052000.0,0.0,2021-11-22 21:54:12,2021-11-22 08:24:12
1030,1637618112000.0,0.0,2021-11-22 21:55:12,2021-11-22 08:25:12
1031,1637618172000.0,0.0,2021-11-22 21:56:12,2021-11-22 08:26:12
1032,1637618232000.0,0.0,2021-11-22 21:57:12,2021-11-22 08:27:12
1033,1637618292000.0,0.0,2021-11-22 21:58:12,2021-11-22 08:28:12
1034,1637618352000.0,0.0,2021-11-22 21:59:12,2021-11-22 08:29:12
1035,1637618412000.0,0.0,2021-11-22 22:00:12,2021-11-22 08:30:12
1036,1637618472000.0,0.0,2021-11-22 22:01:12,2021-11-22 08:31:12
1037,1637618532000.0,0.0,2021-11-22 22:02:12,2021-11-22 08:32:12
1038,1637618592000.0,0.0,2021-11-22 22:03:12,2021-11-22 08:33:12
1039,1637618652000.0,0.0,2021-11-22 22:04:12,2021-11-22 08:34:12
1040,1637618712000.0,0.0,2021-11-22 22:05:12,2021-11-22 08:35:12
1041,1637618772000.0,0.0,2021-11-22 22:06:12,2021-11-22 08:36:12
1042,1637618832000.0,0.0,2021-11-22 22:07:12,2021-11-22 08:37:12
1043,1637618892000.0,0.0,2021-11-22 22:08:12,2021-11-22 08:38:12
1044,1637618952000.0,0.0,2021-11-22 22:09:12,2021-11-22 08:39:12
1045,1637619012000.0,0.0,2021-11-22 22:10:12,2021-11-22 08:40:12
1046,1637619072000.0,0.0,2021-11-22 22:11:12,2021-11-22 08:41:12
1047,1637619132000.0,0.0,2021-11-22 22:12:12,2021-11-22 08:42:12
1048,1637619192000.0,0.0,2021-11-22 22:13:12,2021-11-22 08:43:12
1049,1637619252000.0,0.0,2021-11-22 22:14:12,2021-11-22 08:44:12
1050,1637619312000.0,0.0,2021-11-22 22:15:12,2021-11-22 08:45:12
1051,1637619372000.0,0.0,2021-11-22 22:16:12,2021-11-22 08:46:12
1052,1637619432000.0,0.0,2021-11-22 22:17:12,2021-11-22 08:47:12
1053,1637619492000.0,0.0,2021-11-22 22:18:12,2021-11-22 08:48:12
1054,1637619552000.0,0.0,2021-11-22 22:19:12,2021-11-22 08:49:12
1055,1637619612000.0,0.0,2021-11-22 22:20:12,2021-11-22 08:50:12
1056,1637619672000.0,0.0,2021-11-22 22:21:12,2021-11-22 08:51:12
1057,1637619732000.0,0.0,2021-11-22 22:22:12,2021-11-22 08:52:12
1058,1637619792000.0,0.0,2021-11-22 22:23:12,2021-11-22 08:53:12
1059,1637619852000.0,0.0,2021-11-22 22:24:12,2021-11-22 08:54:12
1060,1637619912000.0,0.0,2021-11-22 22:25:12,2021-11-22 08:55:12
1061,1637619972000.0,0.0,2021-11-22 22:26:12,2021-11-22 08:56:12
1062,1637620032000.0,0.0,2021-11-22 22:27:12,2021-11-22 08:57:12
1063,1637620092000.0,0.0,2021-11-22 22:28:12,2021-11-22 08:58:12
1064,1637620152000.0,0.0,2021-11-22 22:29:12,2021-11-22 08:59:12
1065,1637620212000.0,0.0,2021-11-22 22:30:12,2021-11-22 09:00:12
1066,1637620272000.0,0.0,2021-11-22 22:31:12,2021-11-22 09:01:12
1067,1637620332000.0,0.0,2021-11-22 22:32:12,2021-11-22 09:02:12
1068,1637620392000.0,0.0,2021-11-22 22:33:12,2021-11-22 09:03:12
1069,1637620452000.0,0.0,2021-11-22 22:34:12,2021-11-22 09:04:12
1070,1637620512000.0,0.0,2021-11-22 22:35:12,2021-11-22 09:05:12
1071,1637620572000.0,0.0,2021-11-22 22:36:12,2021-11-22 09:06:12
1072,1637620632000.0,0.0,2021-11-22 22:37:12,2021-11-22 09:07:12
1073,1637620692000.0,0.0,2021-11-22 22:38:12,2021-11-22 09:08:12
1074,1637620752000.0,0.0,2021-11-22 22:39:12,2021-11-22 09:09:12
1075,1637620812000.0,0.0,2021-11-22 22:40:12,2021-11-22 09:10:12
1076,1637620872000.0,0.0,2021-11-22 22:41:12,2021-11-22 09:11:12
1077,1637620932000.0,0.0,2021-11-22 22:42:12,2021-11-22 09:12:12
1078,1637620992000.0,0.0,2021-11-22 22:43:12,2021-11-22 09:13:12
1079,1637621052000.0,0.0,2021-11-22 22:44:12,2021-11-22 09:14:12
1080,1637621112000.0,0.0,2021-11-22 22:45:12,2021-11-22 09:15:12
1081,1637621172000.0,0.0,2021-11-22 22:46:12,2021-11-22 09:16:12
1082,1637621232000.0,0.0,2021-11-22 22:47:12,2021-11-22 09:17:12
1083,1637621292000.0,0.0,2021-11-22 22:48:12,2021-11-22 09:18:12
1084,1637621352000.0,0.0,2021-11-22 22:49:12,2021-11-22 09:19:12
1085,1637621412000.0,0.0,2021-11-22 22:50:12,2021-11-22 09:20:12
1086,1637621472000.0,0.0,2021-11-22 22:51:12,2021-11-22 09:21:12
1087,1637621532000.0,0.0,2021-11-22 22:52:12,2021-11-22 09:22:12
1088,1637621592000.0,0.0,2021-11-22 22:53:12,2021-11-22 09:23:12
1089,1637621652000.0,0.0,2021-11-22 22:54:12,2021-11-22 09:24:12
1090,1637621712000.0,0.0,2021-11-22 22:55:12,2021-11-22 09:25:12
1091,1637621772000.0,0.0,2021-11-22 22:56:12,2021-11-22 09:26:12
1092,1637621832000.0,0.0,2021-11-22 22:57:12,2021-11-22 09:27:12
1093,1637621892000.0,0.0,2021-11-22 22:58:12,2021-11-22 09:28:12
1094,1637621952000.0,0.0,2021-11-22 22:59:12,2021-11-22 09:29:12
1095,1637622012000.0,0.0,2021-11-22 23:00:12,2021-11-22 09:30:12
1096,1637622072000.0,0.0,2021-11-22 23:01:12,2021-11-22 09:31:12
1097,1637622132000.0,0.0,2021-11-22 23:02:12,2021-11-22 09:32:12
1098,1637622192000.0,0.0,2021-11-22 23:03:12,2021-11-22 09:33:12
1099,1637622252000.0,0.0,2021-11-22 23:04:12,2021-11-22 09:34:12
1100,1637622312000.0,0.0,2021-11-22 23:05:12,2021-11-22 09:35:12
1101,1637622372000.0,0.0,2021-11-22 23:06:12,2021-11-22 09:36:12
1102,1637622432000.0,0.0,2021-11-22 23:07:12,2021-11-22 09:37:12
1103,1637622492000.0,0.0,2021-11-22 23:08:12,2021-11-22 09:38:12
1104,1637622552000.0,0.0,2021-11-22 23:09:12,2021-11-22 09:39:12
1105,1637622612000.0,0.0,2021-11-22 23:10:12,2021-11-22 09:40:12
1106,1637622672000.0,0.0,2021-11-22 23:11:12,2021-11-22 09:41:12
1107,1637622732000.0,0.0,2021-11-22 23:12:12,2021-11-22 09:42:12
1108,1637622792000.0,0.0,2021-11-22 23:13:12,2021-11-22 09:43:12
1109,1637622852000.0,0.0,2021-11-22 23:14:12,2021-11-22 09:44:12
1110,1637622912000.0,0.0,2021-11-22 23:15:12,2021-11-22 09:45:12
1111,1637622972000.0,0.0,2021-11-22 23:16:12,2021-11-22 09:46:12
1112,1637623032000.0,0.0,2021-11-22 23:17:12,2021-11-22 09:47:12
1113,1637623092000.0,0.0,2021-11-22 23:18:12,2021-11-22 09:48:12
1114,1637623152000.0,0.0,2021-11-22 23:19:12,2021-11-22 09:49:12
1115,1637623212000.0,0.0,2021-11-22 23:20:12,2021-11-22 09:50:12
1116,1637623272000.0,0.0,2021-11-22 23:21:12,2021-11-22 09:51:12
1117,1637623332000.0,0.0,2021-11-22 23:22:12,2021-11-22 09:52:12
1118,1637623392000.0,0.0,2021-11-22 23:23:12,2021-11-22 09:53:12
1119,1637623452000.0,0.0,2021-11-22 23:24:12,2021-11-22 09:54:12
1120,1637623512000.0,0.0,2021-11-22 23:25:12,2021-11-22 09:55:12
1121,1637623572000.0,0.0,2021-11-22 23:26:12,2021-11-22 09:56:12
1122,1637623632000.0,0.0,2021-11-22 23:27:12,2021-11-22 09:57:12
1123,1637623692000.0,0.0,2021-11-22 23:28:12,2021-11-22 09:58:12
1124,1637623752000.0,0.0,2021-11-22 23:29:12,2021-11-22 09:59:12
1125,1637623812000.0,0.0,2021-11-22 23:30:12,2021-11-22 10:00:12
1126,1637623872000.0,0.0,2021-11-22 23:31:12,2021-11-22 10:01:12
1127,1637623932000.0,0.0,2021-11-22 23:32:12,2021-11-22 10:02:12
1128,1637623992000.0,0.0,2021-11-22 23:33:12,2021-11-22 10:03:12
1129,1637624052000.0,0.0,2021-11-22 23:34:12,2021-11-22 10:04:12
1130,1637624112000.0,0.0,2021-11-22 23:35:12,2021-11-22 10:05:12
1131,1637624172000.0,0.0,2021-11-22 23:36:12,2021-11-22 10:06:12
1132,1637624232000.0,0.0,2021-11-22 23:37:12,2021-11-22 10:07:12
1133,1637624292000.0,0.0,2021-11-22 23:38:12,2021-11-22 10:08:12
1134,1637624352000.0,0.0,2021-11-22 23:39:12,2021-11-22 10:09:12
1135,1637624412000.0,0.0,2021-11-22 23:40:12,2021-11-22 10:10:12
1136,1637624472000.0,0.0,2021-11-22 23:41:12,2021-11-22 10:11:12
1137,1637624532000.0,0.0,2021-11-22 23:42:12,2021-11-22 10:12:12
1138,1637624592000.0,0.0,2021-11-22 23:43:12,2021-11-22 10:13:12
1139,1637624652000.0,0.0,2021-11-22 23:44:12,2021-11-22 10:14:12
1140,1637624712000.0,0.0,2021-11-22 23:45:12,2021-11-22 10:15:12
1141,1637624772000.0,0.0,2021-11-22 23:46:12,2021-11-22 10:16:12
1142,1637624832000.0,0.0,2021-11-22 23:47:12,2021-11-22 10:17:12
1143,1637624892000.0,0.0,2021-11-22 23:48:12,2021-11-22 10:18:12
1144,1637624952000.0,0.0,2021-11-22 23:49:12,2021-11-22 10:19:12
1145,1637625012000.0,0.0,2021-11-22 23:50:12,2021-11-22 10:20:12
1146,1637625072000.0,0.0,2021-11-22 23:51:12,2021-11-22 10:21:12
1147,1637625132000.0,0.0,2021-11-22 23:52:12,2021-11-22 10:22:12
1148,1637625192000.0,0.0,2021-11-22 23:53:12,2021-11-22 10:23:12
1149,1637625252000.0,0.0,2021-11-22 23:54:12,2021-11-22 10:24:12
1150,1637625312000.0,0.0,2021-11-22 23:55:12,2021-11-22 10:25:12
1151,1637625372000.0,0.0,2021-11-22 23:56:12,2021-11-22 10:26:12
1152,1637625432000.0,0.0,2021-11-22 23:57:12,2021-11-22 10:27:12
1153,1637625492000.0,0.0,2021-11-22 23:58:12,2021-11-22 10:28:12
1154,1637625552000.0,0.0,2021-11-22 23:59:12,2021-11-22 10:29:12
1155,1637625612000.0,0.0,2021-11-23 00:00:12,2021-11-22 10:30:12
1156,1637625672000.0,0.0,2021-11-23 00:01:12,2021-11-22 10:31:12
1157,1637625732000.0,0.0,2021-11-23 00:02:12,2021-11-22 10:32:12
1158,1637625792000.0,0.0,2021-11-23 00:03:12,2021-11-22 10:33:12
1159,1637625852000.0,0.0,2021-11-23 00:04:12,2021-11-22 10:34:12
1160,1637625912000.0,0.0,2021-11-23 00:05:12,2021-11-22 10:35:12
1161,1637625972000.0,0.0,2021-11-23 00:06:12,2021-11-22 10:36:12
1162,1637626032000.0,0.0,2021-11-23 00:07:12,2021-11-22 10:37:12
1163,1637626092000.0,0.0,2021-11-23 00:08:12,2021-11-22 10:38:12
1164,1637626152000.0,0.0,2021-11-23 00:09:12,2021-11-22 10:39:12
1165,1637626212000.0,0.0,2021-11-23 00:10:12,2021-11-22 10:40:12
1166,1637626272000.0,0.0,2021-11-23 00:11:12,2021-11-22 10:41:12
1167,1637626332000.0,0.0,2021-11-23 00:12:12,2021-11-22 10:42:12
1168,1637626392000.0,0.0,2021-11-23 00:13:12,2021-11-22 10:43:12
1169,1637626452000.0,0.0,2021-11-23 00:14:12,2021-11-22 10:44:12
1170,1637626512000.0,0.0,2021-11-23 00:15:12,2021-11-22 10:45:12
1171,1637626572000.0,0.0,2021-11-23 00:16:12,2021-11-22 10:46:12
1172,1637626632000.0,0.0,2021-11-23 00:17:12,2021-11-22 10:47:12
1173,1637626692000.0,0.0,2021-11-23 00:18:12,2021-11-22 10:48:12
1174,1637626752000.0,0.0,2021-11-23 00:19:12,2021-11-22 10:49:12
1175,1637626812000.0,0.0,2021-11-23 00:20:12,2021-11-22 10:50:12
1176,1637626872000.0,0.0,2021-11-23 00:21:12,2021-11-22 10:51:12
1177,1637626932000.0,0.0,2021-11-23 00:22:12,2021-11-22 10:52:12
1178,1637626992000.0,0.0,2021-11-23 00:23:12,2021-11-22 10:53:12
1179,1637627052000.0,0.0,2021-11-23 00:24:12,2021-11-22 10:54:12
1180,1637627112000.0,0.0,2021-11-23 00:25:12,2021-11-22 10:55:12
1181,1637627172000.0,0.0,2021-11-23 00:26:12,2021-11-22 10:56:12
1182,1637627232000.0,0.0,2021-11-23 00:27:12,2021-11-22 10:57:12
1183,1637627292000.0,0.0,2021-11-23 00:28:12,2021-11-22 10:58:12
1184,1637627352000.0,0.0,2021-11-23 00:29:12,2021-11-22 10:59:12
1185,1637627412000.0,0.0,2021-11-23 00:30:12,2021-11-22 11:00:12
1186,1637627472000.0,0.0,2021-11-23 00:31:12,2021-11-22 11:01:12
1187,1637627532000.0,0.0,2021-11-23 00:32:12,2021-11-22 11:02:12
1188,1637627592000.0,0.0,2021-11-23 00:33:12,2021-11-22 11:03:12
1189,1637627652000.0,0.0,2021-11-23 00:34:12,2021-11-22 11:04:12
1190,1637627712000.0,0.0,2021-11-23 00:35:12,2021-11-22 11:05:12
1191,1637627772000.0,0.0,2021-11-23 00:36:12,2021-11-22 11:06:12
1192,1637627832000.0,0.0,2021-11-23 00:37:12,2021-11-22 11:07:12
1193,1637627892000.0,0.0,2021-11-23 00:38:12,2021-11-22 11:08:12
1194,1637627952000.0,0.0,2021-11-23 00:39:12,2021-11-22 11:09:12
1195,1637628012000.0,0.0,2021-11-23 00:40:12,2021-11-22 11:10:12
1196,1637628072000.0,0.0,2021-11-23 00:41:12,2021-11-22 11:11:12
1197,1637628132000.0,0.0,2021-11-23 00:42:12,2021-11-22 11:12:12
1198,1637628192000.0,0.0,2021-11-23 00:43:12,2021-11-22 11:13:12
1199,1637628252000.0,0.0,2021-11-23 00:44:12,2021-11-22 11:14:12
1200,1637628312000.0,0.0,2021-11-23 00:45:12,2021-11-22 11:15:12
1201,1637628372000.0,0.0,2021-11-23 00:46:12,2021-11-22 11:16:12
1202,1637628432000.0,0.0,2021-11-23 00:47:12,2021-11-22 11:17:12
1203,1637628492000.0,0.0,2021-11-23 00:48:12,2021-11-22 11:18:12
1204,1637628552000.0,0.0,2021-11-23 00:49:12,2021-11-22 11:19:12
1205,1637628612000.0,0.0,2021-11-23 00:50:12,2021-11-22 11:20:12
1206,1637628672000.0,0.0,2021-11-23 00:51:12,2021-11-22 11:21:12
1207,1637628732000.0,0.0,2021-11-23 00:52:12,2021-11-22 11:22:12
1208,1637628792000.0,0.0,2021-11-23 00:53:12,2021-11-22 11:23:12
1209,1637628852000.0,0.0,2021-11-23 00:54:12,2021-11-22 11:24:12
1210,1637628912000.0,0.0,2021-11-23 00:55:12,2021-11-22 11:25:12
1211,1637628972000.0,0.0,2021-11-23 00:56:12,2021-11-22 11:26:12
1212,1637629032000.0,0.0,2021-11-23 00:57:12,2021-11-22 11:27:12
1213,1637629092000.0,0.0,2021-11-23 00:58:12,2021-11-22 11:28:12
1214,1637629152000.0,0.0,2021-11-23 00:59:12,2021-11-22 11:29:12
1215,1637629212000.0,0.0,2021-11-23 01:00:12,2021-11-22 11:30:12
1216,1637629272000.0,0.0,2021-11-23 01:01:12,2021-11-22 11:31:12
1217,1637629332000.0,0.0,2021-11-23 01:02:12,2021-11-22 11:32:12
1218,1637629392000.0,0.0,2021-11-23 01:03:12,2021-11-22 11:33:12
1219,1637629452000.0,0.0,2021-11-23 01:04:12,2021-11-22 11:34:12
1220,1637629512000.0,0.0,2021-11-23 01:05:12,2021-11-22 11:35:12
1221,1637629572000.0,0.0,2021-11-23 01:06:12,2021-11-22 11:36:12
1222,1637629632000.0,0.0,2021-11-23 01:07:12,2021-11-22 11:37:12
1223,1637629692000.0,0.0,2021-11-23 01:08:12,2021-11-22 11:38:12
1224,1637629752000.0,0.0,2021-11-23 01:09:12,2021-11-22 11:39:12
1225,1637629812000.0,0.0,2021-11-23 01:10:12,2021-11-22 11:40:12
1226,1637629872000.0,0.0,2021-11-23 01:11:12,2021-11-22 11:41:12
1227,1637629932000.0,0.0,2021-11-23 01:12:12,2021-11-22 11:42:12
1228,1637629992000.0,0.0,2021-11-23 01:13:12,2021-11-22 11:43:12
1229,1637630052000.0,0.0,2021-11-23 01:14:12,2021-11-22 11:44:12
1230,1637630112000.0,0.0,2021-11-23 01:15:12,2021-11-22 11:45:12
1231,1637630172000.0,0.0,2021-11-23 01:16:12,2021-11-22 11:46:12
1232,1637630232000.0,0.0,2021-11-23 01:17:12,2021-11-22 11:47:12
1233,1637630292000.0,0.0,2021-11-23 01:18:12,2021-11-22 11:48:12
1234,1637630352000.0,0.0,2021-11-23 01:19:12,2021-11-22 11:49:12
1235,1637630412000.0,0.0,2021-11-23 01:20:12,2021-11-22 11:50:12
1236,1637630472000.0,0.0,2021-11-23 01:21:12,2021-11-22 11:51:12
1237,1637630532000.0,0.0,2021-11-23 01:22:12,2021-11-22 11:52:12
1238,1637630592000.0,0.0,2021-11-23 01:23:12,2021-11-22 11:53:12
1239,1637630652000.0,0.0,2021-11-23 01:24:12,2021-11-22 11:54:12
1240,1637630712000.0,0.0,2021-11-23 01:25:12,2021-11-22 11:55:12
1241,1637630772000.0,0.0,2021-11-23 01:26:12,2021-11-22 11:56:12
1242,1637630832000.0,0.0,2021-11-23 01:27:12,2021-11-22 11:57:12
1243,1637630892000.0,0.0,2021-11-23 01:28:12,2021-11-22 11:58:12
1244,1637630952000.0,0.0,2021-11-23 01:29:12,2021-11-22 11:59:12
1245,1637631012000.0,0.0,2021-11-23 01:30:12,2021-11-22 12:00:12
1246,1637631072000.0,0.0,2021-11-23 01:31:12,2021-11-22 12:01:12
1247,1637631132000.0,0.0,2021-11-23 01:32:12,2021-11-22 12:02:12
1248,1637631192000.0,0.0,2021-11-23 01:33:12,2021-11-22 12:03:12
1249,1637631252000.0,0.0,2021-11-23 01:34:12,2021-11-22 12:04:12
1250,1637631312000.0,0.0,2021-11-23 01:35:12,2021-11-22 12:05:12
1251,1637631372000.0,0.0,2021-11-23 01:36:12,2021-11-22 12:06:12
1252,1637631432000.0,0.0,2021-11-23 01:37:12,2021-11-22 12:07:12
1253,1637631492000.0,0.0,2021-11-23 01:38:12,2021-11-22 12:08:12
1254,1637631552000.0,0.0,2021-11-23 01:39:12,2021-11-22 12:09:12
1255,1637631612000.0,0.0,2021-11-23 01:40:12,2021-11-22 12:10:12
1256,1637631672000.0,0.0,2021-11-23 01:41:12,2021-11-22 12:11:12
1257,1637631732000.0,0.0,2021-11-23 01:42:12,2021-11-22 12:12:12
1258,1637631792000.0,0.0,2021-11-23 01:43:12,2021-11-22 12:13:12
1259,1637631852000.0,0.0,2021-11-23 01:44:12,2021-11-22 12:14:12
1260,1637631912000.0,0.0,2021-11-23 01:45:12,2021-11-22 12:15:12
1261,1637631972000.0,0.0,2021-11-23 01:46:12,2021-11-22 12:16:12
1262,1637632032000.0,0.0,2021-11-23 01:47:12,2021-11-22 12:17:12
1263,1637632092000.0,0.0,2021-11-23 01:48:12,2021-11-22 12:18:12
1264,1637632152000.0,0.0,2021-11-23 01:49:12,2021-11-22 12:19:12
1265,1637632212000.0,0.0,2021-11-23 01:50:12,2021-11-22 12:20:12
1266,1637632272000.0,0.0,2021-11-23 01:51:12,2021-11-22 12:21:12
1267,1637632332000.0,0.0,2021-11-23 01:52:12,2021-11-22 12:22:12
1268,1637632392000.0,0.0,2021-11-23 01:53:12,2021-11-22 12:23:12
1269,1637632452000.0,0.0,2021-11-23 01:54:12,2021-11-22 12:24:12
1270,1637632512000.0,0.0,2021-11-23 01:55:12,2021-11-22 12:25:12
1271,1637632572000.0,0.0,2021-11-23 01:56:12,2021-11-22 12:26:12
1272,1637632632000.0,0.0,2021-11-23 01:57:12,2021-11-22 12:27:12
1273,1637632692000.0,0.0,2021-11-23 01:58:12,2021-11-22 12:28:12
1274,1637632752000.0,0.0,2021-11-23 01:59:12,2021-11-22 12:29:12
1275,1637632812000.0,0.0,2021-11-23 02:00:12,2021-11-22 12:30:12
1276,1637632872000.0,0.0,2021-11-23 02:01:12,2021-11-22 12:31:12
1277,1637632932000.0,0.0,2021-11-23 02:02:12,2021-11-22 12:32:12
1278,1637632992000.0,0.0,2021-11-23 02:03:12,2021-11-22 12:33:12
1279,1637633052000.0,0.0,2021-11-23 02:04:12,2021-11-22 12:34:12
1280,1637633112000.0,0.0,2021-11-23 02:05:12,2021-11-22 12:35:12
1281,1637633172000.0,0.0,2021-11-23 02:06:12,2021-11-22 12:36:12
1282,1637633232000.0,0.0,2021-11-23 02:07:12,2021-11-22 12:37:12
1283,1637633292000.0,0.0,2021-11-23 02:08:12,2021-11-22 12:38:12
1284,1637633352000.0,0.0,2021-11-23 02:09:12,2021-11-22 12:39:12
1285,1637633412000.0,0.0,2021-11-23 02:10:12,2021-11-22 12:40:12
1286,1637633472000.0,0.0,2021-11-23 02:11:12,2021-11-22 12:41:12
1287,1637633532000.0,0.0,2021-11-23 02:12:12,2021-11-22 12:42:12
1288,1637633592000.0,0.0,2021-11-23 02:13:12,2021-11-22 12:43:12
1289,1637633652000.0,0.0,2021-11-23 02:14:12,2021-11-22 12:44:12
1290,1637633712000.0,0.0,2021-11-23 02:15:12,2021-11-22 12:45:12
1291,1637633772000.0,0.0,2021-11-23 02:16:12,2021-11-22 12:46:12
1292,1637633832000.0,0.0,2021-11-23 02:17:12,2021-11-22 12:47:12
1293,1637633892000.0,0.0,2021-11-23 02:18:12,2021-11-22 12:48:12
1294,1637633952000.0,0.0,2021-11-23 02:19:12,2021-11-22 12:49:12
1295,1637634012000.0,0.0,2021-11-23 02:20:12,2021-11-22 12:50:12
1296,1637634072000.0,0.0,2021-11-23 02:21:12,2021-11-22 12:51:12
1297,1637634132000.0,0.0,2021-11-23 02:22:12,2021-11-22 12:52:12
1298,1637634192000.0,0.0,2021-11-23 02:23:12,2021-11-22 12:53:12
1299,1637634252000.0,0.0,2021-11-23 02:24:12,2021-11-22 12:54:12
1300,1637634312000.0,0.0,2021-11-23 02:25:12,2021-11-22 12:55:12
1301,1637634372000.0,0.0,2021-11-23 02:26:12,2021-11-22 12:56:12
1302,1637634432000.0,0.0,2021-11-23 02:27:12,2021-11-22 12:57:12
1303,1637634492000.0,0.0,2021-11-23 02:28:12,2021-11-22 12:58:12
1304,1637634552000.0,0.0,2021-11-23 02:29:12,2021-11-22 12:59:12
1305,1637634612000.0,0.0,2021-11-23 02:30:12,2021-11-22 13:00:12
1306,1637634672000.0,0.0,2021-11-23 02:31:12,2021-11-22 13:01:12
1307,1637634732000.0,0.0,2021-11-23 02:32:12,2021-11-22 13:02:12
1308,1637634792000.0,0.0,2021-11-23 02:33:12,2021-11-22 13:03:12
1309,1637634852000.0,0.0,2021-11-23 02:34:12,2021-11-22 13:04:12
1310,1637634912000.0,0.0,2021-11-23 02:35:12,2021-11-22 13:05:12
1311,1637634972000.0,0.0,2021-11-23 02:36:12,2021-11-22 13:06:12
1312,1637635032000.0,0.0,2021-11-23 02:37:12,2021-11-22 13:07:12
1313,1637635092000.0,0.0,2021-11-23 02:38:12,2021-11-22 13:08:12
1314,1637635152000.0,0.0,2021-11-23 02:39:12,2021-11-22 13:09:12
1315,1637635212000.0,0.0,2021-11-23 02:40:12,2021-11-22 13:10:12
1316,1637635272000.0,0.0,2021-11-23 02:41:12,2021-11-22 13:11:12
1317,1637635332000.0,0.0,2021-11-23 02:42:12,2021-11-22 13:12:12
1318,1637635392000.0,0.0,2021-11-23 02:43:12,2021-11-22 13:13:12
1319,1637635452000.0,0.0,2021-11-23 02:44:12,2021-11-22 13:14:12
1320,1637635512000.0,0.0,2021-11-23 02:45:12,2021-11-22 13:15:12
1321,1637635572000.0,0.0,2021-11-23 02:46:12,2021-11-22 13:16:12
1322,1637635632000.0,0.0,2021-11-23 02:47:12,2021-11-22 13:17:12
1323,1637635692000.0,0.0,2021-11-23 02:48:12,2021-11-22 13:18:12
1324,1637635752000.0,0.0,2021-11-23 02:49:12,2021-11-22 13:19:12
1325,1637635812000.0,0.0,2021-11-23 02:50:12,2021-11-22 13:20:12
1326,1637635872000.0,0.0,2021-11-23 02:51:12,2021-11-22 13:21:12
1327,1637635932000.0,0.0,2021-11-23 02:52:12,2021-11-22 13:22:12
1328,1637635992000.0,0.0,2021-11-23 02:53:12,2021-11-22 13:23:12
1329,1637636052000.0,0.0,2021-11-23 02:54:12,2021-11-22 13:24:12
1330,1637636112000.0,0.0,2021-11-23 02:55:12,2021-11-22 13:25:12
1331,1637636172000.0,0.0,2021-11-23 02:56:12,2021-11-22 13:26:12
1332,1637636232000.0,0.0,2021-11-23 02:57:12,2021-11-22 13:27:12
1333,1637636292000.0,0.0,2021-11-23 02:58:12,2021-11-22 13:28:12
1334,1637636352000.0,0.0,2021-11-23 02:59:12,2021-11-22 13:29:12
1335,1637636412000.0,0.0,2021-11-23 03:00:12,2021-11-22 13:30:12
1336,1637636472000.0,0.0,2021-11-23 03:01:12,2021-11-22 13:31:12
1337,1637636532000.0,0.0,2021-11-23 03:02:12,2021-11-22 13:32:12
1338,1637636592000.0,0.0,2021-11-23 03:03:12,2021-11-22 13:33:12
1339,1637636652000.0,0.0,2021-11-23 03:04:12,2021-11-22 13:34:12
1340,1637636712000.0,0.0,2021-11-23 03:05:12,2021-11-22 13:35:12
1341,1637636772000.0,0.0,2021-11-23 03:06:12,2021-11-22 13:36:12
1342,1637636832000.0,0.0,2021-11-23 03:07:12,2021-11-22 13:37:12
1343,1637636892000.0,0.0,2021-11-23 03:08:12,2021-11-22 13:38:12
1344,1637636952000.0,0.0,2021-11-23 03:09:12,2021-11-22 13:39:12
1345,1637637012000.0,0.0,2021-11-23 03:10:12,2021-11-22 13:40:12
1346,1637637072000.0,0.0,2021-11-23 03:11:12,2021-11-22 13:41:12
1347,1637637132000.0,0.0,2021-11-23 03:12:12,2021-11-22 13:42:12
1348,1637637192000.0,0.0,2021-11-23 03:13:12,2021-11-22 13:43:12
1349,1637637252000.0,0.0,2021-11-23 03:14:12,2021-11-22 13:44:12
1350,1637637312000.0,0.0,2021-11-23 03:15:12,2021-11-22 13:45:12
1351,1637637372000.0,0.0,2021-11-23 03:16:12,2021-11-22 13:46:12
1352,1637637432000.0,0.0,2021-11-23 03:17:12,2021-11-22 13:47:12
1353,1637637492000.0,0.0,2021-11-23 03:18:12,2021-11-22 13:48:12
1354,1637637552000.0,0.0,2021-11-23 03:19:12,2021-11-22 13:49:12
1355,1637637612000.0,0.0,2021-11-23 03:20:12,2021-11-22 13:50:12
1356,1637637672000.0,0.0,2021-11-23 03:21:12,2021-11-22 13:51:12
1357,1637637732000.0,0.0,2021-11-23 03:22:12,2021-11-22 13:52:12
1358,1637637792000.0,0.0,2021-11-23 03:23:12,2021-11-22 13:53:12
1359,1637637852000.0,0.0,2021-11-23 03:24:12,2021-11-22 13:54:12
1360,1637637912000.0,0.0,2021-11-23 03:25:12,2021-11-22 13:55:12
1361,1637637972000.0,0.0,2021-11-23 03:26:12,2021-11-22 13:56:12
1362,1637638032000.0,0.0,2021-11-23 03:27:12,2021-11-22 13:57:12
1363,1637638092000.0,0.0,2021-11-23 03:28:12,2021-11-22 13:58:12
1364,1637638152000.0,0.0,2021-11-23 03:29:12,2021-11-22 13:59:12
1365,1637638212000.0,0.0,2021-11-23 03:30:12,2021-11-22 14:00:12
1366,1637638272000.0,0.0,2021-11-23 03:31:12,2021-11-22 14:01:12
1367,1637638332000.0,0.0,2021-11-23 03:32:12,2021-11-22 14:02:12
1368,1637638392000.0,0.0,2021-11-23 03:33:12,2021-11-22 14:03:12
1369,1637638452000.0,0.0,2021-11-23 03:34:12,2021-11-22 14:04:12
1370,1637638512000.0,0.0,2021-11-23 03:35:12,2021-11-22 14:05:12
1371,1637638572000.0,0.0,2021-11-23 03:36:12,2021-11-22 14:06:12
1372,1637638632000.0,0.0,2021-11-23 03:37:12,2021-11-22 14:07:12
1373,1637638692000.0,0.0,2021-11-23 03:38:12,2021-11-22 14:08:12
1374,1637638752000.0,0.0,2021-11-23 03:39:12,2021-11-22 14:09:12
1375,1637638812000.0,0.0,2021-11-23 03:40:12,2021-11-22 14:10:12
1376,1637638872000.0,0.0,2021-11-23 03:41:12,2021-11-22 14:11:12
1377,1637638932000.0,0.0,2021-11-23 03:42:12,2021-11-22 14:12:12
1378,1637638992000.0,0.0,2021-11-23 03:43:12,2021-11-22 14:13:12
1379,1637639052000.0,0.0,2021-11-23 03:44:12,2021-11-22 14:14:12
1380,1637639112000.0,0.0,2021-11-23 03:45:12,2021-11-22 14:15:12
1381,1637639172000.0,0.0,2021-11-23 03:46:12,2021-11-22 14:16:12
1382,1637639232000.0,0.0,2021-11-23 03:47:12,2021-11-22 14:17:12
1383,1637639292000.0,0.0,2021-11-23 03:48:12,2021-11-22 14:18:12
1384,1637639352000.0,0.0,2021-11-23 03:49:12,2021-11-22 14:19:12
1385,1637639412000.0,0.0,2021-11-23 03:50:12,2021-11-22 14:20:12
1386,1637639472000.0,0.0,2021-11-23 03:51:12,2021-11-22 14:21:12
1387,1637639532000.0,0.0,2021-11-23 03:52:12,2021-11-22 14:22:12
1388,1637639592000.0,0.0,2021-11-23 03:53:12,2021-11-22 14:23:12
1389,1637639652000.0,0.0,2021-11-23 03:54:12,2021-11-22 14:24:12
1390,1637639712000.0,0.0,2021-11-23 03:55:12,2021-11-22 14:25:12
1391,1637639772000.0,0.0,2021-11-23 03:56:12,2021-11-22 14:26:12
1392,1637639832000.0,0.0,2021-11-23 03:57:12,2021-11-22 14:27:12
1393,1637639892000.0,0.0,2021-11-23 03:58:12,2021-11-22 14:28:12
1394,1637639952000.0,0.0,2021-11-23 03:59:12,2021-11-22 14:29:12
1395,1637640012000.0,0.0,2021-11-23 04:00:12,2021-11-22 14:30:12
1396,1637640072000.0,0.0,2021-11-23 04:01:12,2021-11-22 14:31:12
1397,1637640132000.0,0.0,2021-11-23 04:02:12,2021-11-22 14:32:12
1398,1637640192000.0,0.0,2021-11-23 04:03:12,2021-11-22 14:33:12
1399,1637640252000.0,0.0,2021-11-23 04:04:12,2021-11-22 14:34:12
1400,1637640312000.0,0.0,2021-11-23 04:05:12,2021-11-22 14:35:12
1401,1637640372000.0,0.0,2021-11-23 04:06:12,2021-11-22 14:36:12
1402,1637640432000.0,0.0,2021-11-23 04:07:12,2021-11-22 14:37:12
1403,1637640492000.0,0.0,2021-11-23 04:08:12,2021-11-22 14:38:12
1404,1637640552000.0,0.0,2021-11-23 04:09:12,2021-11-22 14:39:12
1405,1637640612000.0,0.0,2021-11-23 04:10:12,2021-11-22 14:40:12
1406,1637640672000.0,0.0,2021-11-23 04:11:12,2021-11-22 14:41:12
1407,1637640732000.0,0.0,2021-11-23 04:12:12,2021-11-22 14:42:12
1408,1637640792000.0,0.0,2021-11-23 04:13:12,2021-11-22 14:43:12
1409,1637640852000.0,0.0,2021-11-23 04:14:12,2021-11-22 14:44:12
1410,1637640912000.0,0.0,2021-11-23 04:15:12,2021-11-22 14:45:12
1411,1637640972000.0,0.0,2021-11-23 04:16:12,2021-11-22 14:46:12
1412,1637641032000.0,0.0,2021-11-23 04:17:12,2021-11-22 14:47:12
1413,1637641092000.0,0.0,2021-11-23 04:18:12,2021-11-22 14:48:12
1414,1637641152000.0,0.0,2021-11-23 04:19:12,2021-11-22 14:49:12
1415,1637641212000.0,0.0,2021-11-23 04:20:12,2021-11-22 14:50:12
1416,1637641272000.0,0.0,2021-11-23 04:21:12,2021-11-22 14:51:12
1417,1637641332000.0,0.0,2021-11-23 04:22:12,2021-11-22 14:52:12
1418,1637641392000.0,0.0,2021-11-23 04:23:12,2021-11-22 14:53:12
1419,1637641452000.0,0.0,2021-11-23 04:24:12,2021-11-22 14:54:12
1420,1637641512000.0,0.0,2021-11-23 04:25:12,2021-11-22 14:55:12
1421,1637641572000.0,0.0,2021-11-23 04:26:12,2021-11-22 14:56:12
1422,1637641632000.0,0.0,2021-11-23 04:27:12,2021-11-22 14:57:12
1423,1637641692000.0,0.0,2021-11-23 04:28:12,2021-11-22 14:58:12
1424,1637641752000.0,0.0,2021-11-23 04:29:12,2021-11-22 14:59:12
1425,1637641812000.0,0.0,2021-11-23 04:30:12,2021-11-22 15:00:12
1426,1637641872000.0,0.0,2021-11-23 04:31:12,2021-11-22 15:01:12
1427,1637641932000.0,0.0,2021-11-23 04:32:12,2021-11-22 15:02:12
1428,1637641992000.0,0.0,2021-11-23 04:33:12,2021-11-22 15:03:12
1429,1637642052000.0,0.0,2021-11-23 04:34:12,2021-11-22 15:04:12
1430,1637642112000.0,0.0,2021-11-23 04:35:12,2021-11-22 15:05:12
1431,1637642172000.0,0.0,2021-11-23 04:36:12,2021-11-22 15:06:12
1432,1637642232000.0,0.0,2021-11-23 04:37:12,2021-11-22 15:07:12
1433,1637642292000.0,0.0,2021-11-23 04:38:12,2021-11-22 15:08:12
1434,1637642352000.0,0.0,2021-11-23 04:39:12,2021-11-22 15:09:12
1435,1637642412000.0,0.0,2021-11-23 04:40:12,2021-11-22 15:10:12
1436,1637642472000.0,0.0,2021-11-23 04:41:12,2021-11-22 15:11:12
1437,1637642532000.0,0.0,2021-11-23 04:42:12,2021-11-22 15:12:12
1438,1637642592000.0,0.0,2021-11-23 04:43:12,2021-11-22 15:13:12
1439,1637642652000.0,0.0,2021-11-23 04:44:12,2021-11-22 15:14:12
1440,1637642712000.0,0.0,2021-11-23 04:45:12,2021-11-22 15:15:12
1441,1637642772000.0,0.0,2021-11-23 04:46:12,2021-11-22 15:16:12
1442,1637642832000.0,0.0,2021-11-23 04:47:12,2021-11-22 15:17:12
1443,1637642892000.0,0.0,2021-11-23 04:48:12,2021-11-22 15:18:12
1444,1637642952000.0,0.0,2021-11-23 04:49:12,2021-11-22 15:19:12
1445,1637643012000.0,0.0,2021-11-23 04:50:12,2021-11-22 15:20:12
1446,1637643072000.0,0.0,2021-11-23 04:51:12,2021-11-22 15:21:12
1447,1637643132000.0,0.0,2021-11-23 04:52:12,2021-11-22 15:22:12
1448,1637643192000.0,0.0,2021-11-23 04:53:12,2021-11-22 15:23:12
1449,1637643252000.0,0.0,2021-11-23 04:54:12,2021-11-22 15:24:12
1450,1637643312000.0,0.0,2021-11-23 04:55:12,2021-11-22 15:25:12
1451,1637643372000.0,0.0,2021-11-23 04:56:12,2021-11-22 15:26:12
1452,1637643432000.0,0.0,2021-11-23 04:57:12,2021-11-22 15:27:12
1453,1637643492000.0,0.0,2021-11-23 04:58:12,2021-11-22 15:28:12
