,date,open,high,low,close,volume
0,2021-06-24 09:15:00+05:30,724.0,724.65,710.5,712.75,1957851
1,2021-06-24 09:20:00+05:30,712.35,715.8,711.4,713.15,777154
2,2021-06-24 09:25:00+05:30,713.1,714.7,711.8,714.0,462022
3,2021-06-24 09:30:00+05:30,714.25,715.0,708.65,710.65,864680
4,2021-06-24 09:35:00+05:30,710.85,710.9,706.4,710.4,914144
5,2021-06-24 09:40:00+05:30,710.4,713.8,710.0,713.5,520102
6,2021-06-24 09:45:00+05:30,713.45,719.05,713.45,715.6,1232638
7,2021-06-24 09:50:00+05:30,715.7,716.6,712.5,712.5,445469
8,2021-06-24 09:55:00+05:30,712.8,714.5,711.3,711.6,334465
9,2021-06-24 10:00:00+05:30,711.55,712.0,709.0,710.95,453923
10,2021-06-24 10:05:00+05:30,710.65,712.5,710.0,710.5,234069
11,2021-06-24 10:10:00+05:30,710.25,710.7,708.25,708.95,311430
12,2021-06-24 10:15:00+05:30,708.6,710.4,708.3,710.0,286477
13,2021-06-24 10:20:00+05:30,710.35,710.5,708.5,709.0,154520
14,2021-06-24 10:25:00+05:30,709.0,711.4,709.0,711.0,237569
15,2021-06-24 10:30:00+05:30,710.8,711.45,709.5,710.2,159199
16,2021-06-24 10:35:00+05:30,710.3,712.95,710.2,712.95,266548
17,2021-06-24 10:40:00+05:30,712.75,714.0,712.15,713.3,238093
18,2021-06-24 10:45:00+05:30,713.1,713.35,711.05,711.3,145934
19,2021-06-24 10:50:00+05:30,711.3,711.9,709.5,711.0,193398
20,2021-06-24 10:55:00+05:30,710.75,711.15,709.6,710.9,114895
21,2021-06-24 11:00:00+05:30,711.15,712.4,709.8,711.2,163865
22,2021-06-24 11:05:00+05:30,711.2,713.0,710.2,712.45,165200
23,2021-06-24 11:10:00+05:30,712.75,715.75,712.2,713.5,435208
24,2021-06-24 11:15:00+05:30,713.7,713.75,712.1,712.8,139333
25,2021-06-24 11:20:00+05:30,712.7,713.15,712.0,712.3,101743
26,2021-06-24 11:25:00+05:30,712.3,713.0,712.15,712.65,74911
27,2021-06-24 11:30:00+05:30,712.5,712.95,711.35,712.6,122332
28,2021-06-24 11:35:00+05:30,712.6,713.45,712.0,712.5,113706
29,2021-06-24 11:40:00+05:30,712.55,713.1,711.6,711.7,107959
30,2021-06-24 11:45:00+05:30,711.6,712.0,710.6,712.0,119453
31,2021-06-24 11:50:00+05:30,712.0,712.0,711.0,711.5,67749
32,2021-06-24 11:55:00+05:30,711.25,711.55,710.1,711.0,100506
33,2021-06-24 12:00:00+05:30,711.0,711.85,710.4,710.8,70169
34,2021-06-24 12:05:00+05:30,710.8,710.8,709.6,710.15,145310
35,2021-06-24 12:10:00+05:30,710.0,712.7,709.8,711.85,157047
36,2021-06-24 12:15:00+05:30,711.55,712.45,710.7,712.15,119785
37,2021-06-24 12:20:00+05:30,712.5,712.65,710.5,711.25,110589
38,2021-06-24 12:25:00+05:30,711.25,711.6,710.25,711.45,76313
39,2021-06-24 12:30:00+05:30,711.15,711.85,710.5,711.3,66373
40,2021-06-24 12:35:00+05:30,711.1,711.5,710.45,711.0,56710
41,2021-06-24 12:40:00+05:30,711.05,711.95,710.95,711.5,64869
42,2021-06-24 12:45:00+05:30,711.8,711.85,710.2,710.55,78634
43,2021-06-24 12:50:00+05:30,710.8,711.05,710.5,710.85,38238
44,2021-06-24 12:55:00+05:30,710.7,710.85,710.0,710.2,72770
45,2021-06-24 13:00:00+05:30,710.0,710.25,708.05,709.55,296409
46,2021-06-24 13:05:00+05:30,709.25,710.45,708.5,709.8,118160
47,2021-06-24 13:10:00+05:30,709.8,710.0,709.0,709.4,95765
48,2021-06-24 13:15:00+05:30,709.45,709.65,705.65,706.0,464036
49,2021-06-24 13:20:00+05:30,706.35,707.85,705.95,706.4,221598
50,2021-06-24 13:25:00+05:30,706.4,708.0,705.45,706.5,241410
51,2021-06-24 13:30:00+05:30,706.5,706.7,704.2,705.3,306817
52,2021-06-24 13:35:00+05:30,705.3,705.65,704.0,704.7,328975
53,2021-06-24 13:40:00+05:30,704.9,706.6,704.4,705.8,205454
54,2021-06-24 13:45:00+05:30,705.8,706.2,704.5,704.95,136376
55,2021-06-24 13:50:00+05:30,704.65,705.65,703.45,705.0,217632
56,2021-06-24 13:55:00+05:30,705.1,706.55,704.4,705.45,174154
57,2021-06-24 14:00:00+05:30,705.15,706.5,704.65,706.05,138380
58,2021-06-24 14:05:00+05:30,706.0,706.85,705.3,706.65,143136
59,2021-06-24 14:10:00+05:30,706.8,707.9,705.8,707.3,195564
60,2021-06-24 14:15:00+05:30,707.65,707.75,705.3,705.6,174546
61,2021-06-24 14:20:00+05:30,705.8,705.8,701.7,702.3,511013
62,2021-06-24 14:25:00+05:30,702.25,704.55,702.1,704.0,218430
63,2021-06-24 14:30:00+05:30,703.6,704.9,702.0,702.9,232256
64,2021-06-24 14:35:00+05:30,702.95,703.8,702.6,702.7,118959
65,2021-06-24 14:40:00+05:30,703.0,703.5,702.55,703.5,117706
66,2021-06-24 14:45:00+05:30,703.55,704.0,702.9,703.95,101129
67,2021-06-24 14:50:00+05:30,703.95,704.9,703.65,704.05,177030
68,2021-06-24 14:55:00+05:30,704.25,704.55,703.4,704.35,153352
69,2021-06-24 15:00:00+05:30,704.5,706.6,704.3,705.6,343400
70,2021-06-24 15:05:00+05:30,705.35,706.5,704.25,706.05,401482
71,2021-06-24 15:10:00+05:30,706.25,709.95,705.9,709.8,655363
72,2021-06-24 15:15:00+05:30,709.95,714.6,709.0,713.55,1025076
73,2021-06-24 15:20:00+05:30,713.55,714.3,710.65,711.8,571304
74,2021-06-24 15:25:00+05:30,711.55,713.85,711.4,713.0,293462
75,2021-06-25 09:15:00+05:30,715.0,718.95,711.15,718.0,1012100
76,2021-06-25 09:20:00+05:30,717.9,717.9,713.5,716.0,429366
77,2021-06-25 09:25:00+05:30,715.55,717.8,714.15,717.15,310194
78,2021-06-25 09:30:00+05:30,717.15,718.95,715.45,716.5,369235
79,2021-06-25 09:35:00+05:30,717.2,717.5,715.5,716.2,176148
80,2021-06-25 09:40:00+05:30,716.05,716.45,712.5,712.5,307804
81,2021-06-25 09:45:00+05:30,712.5,714.55,712.05,712.1,252104
82,2021-06-25 09:50:00+05:30,712.25,713.0,709.5,712.6,460248
83,2021-06-25 09:55:00+05:30,712.65,714.55,712.0,714.2,233281
84,2021-06-25 10:00:00+05:30,714.0,714.05,711.1,711.1,130357
85,2021-06-25 10:05:00+05:30,711.25,712.55,711.0,712.05,146248
86,2021-06-25 10:10:00+05:30,712.3,713.6,710.45,712.0,175045
87,2021-06-25 10:15:00+05:30,712.1,712.5,711.2,712.5,78104
88,2021-06-25 10:20:00+05:30,712.3,713.0,711.45,712.0,81532
89,2021-06-25 10:25:00+05:30,712.15,712.3,711.1,711.55,66651
90,2021-06-25 10:30:00+05:30,711.5,713.6,711.5,712.15,105348
91,2021-06-25 10:35:00+05:30,712.15,713.0,711.5,712.5,58069
92,2021-06-25 10:40:00+05:30,712.45,712.75,710.0,711.0,200436
93,2021-06-25 10:45:00+05:30,711.15,711.5,710.5,710.95,89530
94,2021-06-25 10:50:00+05:30,711.0,711.5,710.2,711.4,107955
95,2021-06-25 10:55:00+05:30,711.4,711.95,710.1,710.55,75273
96,2021-06-25 11:00:00+05:30,710.55,711.5,710.45,710.5,69713
97,2021-06-25 11:05:00+05:30,710.6,710.85,708.0,708.65,278740
98,2021-06-25 11:10:00+05:30,708.85,709.25,706.7,708.5,273326
99,2021-06-25 11:15:00+05:30,708.45,708.7,707.4,707.55,126346
100,2021-06-25 11:20:00+05:30,707.55,708.5,707.0,707.35,92966
101,2021-06-25 11:25:00+05:30,707.3,708.5,707.0,708.0,98672
102,2021-06-25 11:30:00+05:30,708.0,708.0,707.05,707.25,81895
103,2021-06-25 11:35:00+05:30,707.05,708.9,706.5,708.15,161030
104,2021-06-25 11:40:00+05:30,708.15,709.8,708.0,708.75,109557
105,2021-06-25 11:45:00+05:30,708.75,713.4,708.65,712.2,316503
106,2021-06-25 11:50:00+05:30,712.2,714.0,711.2,713.55,242850
107,2021-06-25 11:55:00+05:30,713.8,714.95,712.15,712.6,237063
108,2021-06-25 12:00:00+05:30,712.55,713.4,711.35,712.0,99414
109,2021-06-25 12:05:00+05:30,711.95,712.9,711.45,711.5,77474
110,2021-06-25 12:10:00+05:30,711.4,712.5,711.05,711.7,67261
111,2021-06-25 12:15:00+05:30,711.7,712.5,711.2,712.05,39988
112,2021-06-25 12:20:00+05:30,712.05,712.15,710.25,710.6,78540
113,2021-06-25 12:25:00+05:30,710.55,711.8,710.3,710.9,60366
114,2021-06-25 12:30:00+05:30,711.25,711.4,710.0,710.6,57177
115,2021-06-25 12:35:00+05:30,710.6,710.95,710.0,710.95,47211
116,2021-06-25 12:40:00+05:30,710.9,711.6,710.6,710.7,49970
117,2021-06-25 12:45:00+05:30,710.75,710.75,709.45,709.9,99616
118,2021-06-25 12:50:00+05:30,709.9,710.25,709.1,709.85,86899
119,2021-06-25 12:55:00+05:30,709.85,710.6,709.0,709.1,68422
120,2021-06-25 13:00:00+05:30,709.0,709.9,708.6,709.2,92150
121,2021-06-25 13:05:00+05:30,709.4,709.6,708.5,709.1,64747
122,2021-06-25 13:10:00+05:30,709.2,709.3,707.5,708.5,144065
123,2021-06-25 13:15:00+05:30,708.65,709.65,707.8,709.1,86959
124,2021-06-25 13:20:00+05:30,709.25,710.0,708.6,709.4,91514
125,2021-06-25 13:25:00+05:30,709.4,710.9,709.15,709.9,110023
126,2021-06-25 13:30:00+05:30,709.8,711.0,709.6,710.5,99790
127,2021-06-25 13:35:00+05:30,710.7,710.8,709.9,710.0,52504
128,2021-06-25 13:40:00+05:30,710.0,710.2,709.15,709.2,70079
129,2021-06-25 13:45:00+05:30,709.5,709.9,709.05,709.1,39529
130,2021-06-25 13:50:00+05:30,709.1,712.45,709.05,711.0,150271
131,2021-06-25 13:55:00+05:30,711.0,712.5,710.9,711.55,130900
132,2021-06-25 14:00:00+05:30,711.55,711.7,710.55,710.95,64056
133,2021-06-25 14:05:00+05:30,711.2,711.2,710.0,710.65,54857
134,2021-06-25 14:10:00+05:30,710.65,711.2,710.3,710.9,41348
135,2021-06-25 14:15:00+05:30,710.65,711.15,708.45,709.6,118919
136,2021-06-25 14:20:00+05:30,709.6,709.6,708.4,708.55,84923
137,2021-06-25 14:25:00+05:30,708.75,710.5,707.65,709.8,135709
138,2021-06-25 14:30:00+05:30,709.8,710.1,709.0,709.9,65591
139,2021-06-25 14:35:00+05:30,709.95,711.5,709.5,710.0,137446
140,2021-06-25 14:40:00+05:30,709.5,710.0,709.1,709.5,64042
141,2021-06-25 14:45:00+05:30,709.5,709.95,708.55,708.7,94107
142,2021-06-25 14:50:00+05:30,709.0,710.0,708.7,710.0,99469
143,2021-06-25 14:55:00+05:30,710.0,713.0,709.85,712.15,308299
144,2021-06-25 15:00:00+05:30,711.95,714.6,711.9,713.9,427417
145,2021-06-25 15:05:00+05:30,714.0,714.2,711.2,712.5,279827
146,2021-06-25 15:10:00+05:30,712.5,713.7,711.7,712.65,241683
147,2021-06-25 15:15:00+05:30,712.65,712.9,710.25,711.0,334497
148,2021-06-25 15:20:00+05:30,711.0,712.35,710.0,711.6,374023
149,2021-06-25 15:25:00+05:30,711.5,712.0,710.45,710.85,198415
150,2021-06-28 09:15:00+05:30,719.0,719.1,713.0,716.8,732047
151,2021-06-28 09:20:00+05:30,716.75,717.0,713.1,714.05,327278
152,2021-06-28 09:25:00+05:30,714.1,717.5,713.95,717.0,268678
153,2021-06-28 09:30:00+05:30,717.0,723.45,716.3,723.45,619520
154,2021-06-28 09:35:00+05:30,723.25,728.0,721.3,721.5,1019115
155,2021-06-28 09:40:00+05:30,721.1,726.55,719.35,723.75,631298
156,2021-06-28 09:45:00+05:30,723.8,724.7,722.4,723.35,273323
157,2021-06-28 09:50:00+05:30,723.55,725.0,722.75,723.0,206848
158,2021-06-28 09:55:00+05:30,723.3,723.9,719.75,720.95,347684
159,2021-06-28 10:00:00+05:30,720.65,721.5,719.05,721.5,262201
160,2021-06-28 10:05:00+05:30,721.2,722.5,720.4,721.0,206045
161,2021-06-28 10:10:00+05:30,721.0,721.5,720.6,721.1,89315
162,2021-06-28 10:15:00+05:30,721.05,721.5,720.0,721.3,115215
163,2021-06-28 10:20:00+05:30,721.2,723.5,721.0,723.3,168540
164,2021-06-28 10:25:00+05:30,723.5,727.0,723.1,725.55,514242
165,2021-06-28 10:30:00+05:30,725.95,729.9,725.7,727.1,607019
166,2021-06-28 10:35:00+05:30,727.25,727.3,723.6,724.0,372294
167,2021-06-28 10:40:00+05:30,724.0,725.5,723.35,724.55,185415
168,2021-06-28 10:45:00+05:30,724.65,726.0,723.2,725.7,175123
169,2021-06-28 10:50:00+05:30,725.95,726.0,724.55,725.0,97175
170,2021-06-28 10:55:00+05:30,724.6,725.8,724.5,725.2,64728
171,2021-06-28 11:00:00+05:30,725.2,727.0,725.1,726.65,136039
172,2021-06-28 11:05:00+05:30,726.75,727.0,725.0,725.6,100389
173,2021-06-28 11:10:00+05:30,725.6,727.4,725.3,726.8,138970
174,2021-06-28 11:15:00+05:30,727.0,728.0,726.1,726.1,159160
175,2021-06-28 11:20:00+05:30,726.45,727.0,726.0,726.05,86264
176,2021-06-28 11:25:00+05:30,726.3,726.55,724.6,725.45,138761
177,2021-06-28 11:30:00+05:30,725.1,725.2,723.5,725.0,154287
178,2021-06-28 11:35:00+05:30,725.0,725.25,724.2,725.0,93029
179,2021-06-28 11:40:00+05:30,725.0,725.1,724.5,724.55,40357
180,2021-06-28 11:45:00+05:30,724.55,725.35,724.05,724.5,86365
181,2021-06-28 11:50:00+05:30,724.8,724.8,723.5,724.0,94360
182,2021-06-28 11:55:00+05:30,724.0,724.5,723.4,723.5,80049
183,2021-06-28 12:00:00+05:30,723.3,724.2,722.5,723.75,138787
184,2021-06-28 12:05:00+05:30,723.75,724.25,723.6,724.0,90999
185,2021-06-28 12:10:00+05:30,723.95,724.5,723.65,723.85,78880
186,2021-06-28 12:15:00+05:30,723.85,724.3,723.25,723.8,52815
187,2021-06-28 12:20:00+05:30,723.8,724.0,723.25,723.3,66522
188,2021-06-28 12:25:00+05:30,723.3,724.05,721.6,721.95,127447
189,2021-06-28 12:30:00+05:30,721.65,723.25,721.5,722.05,96134
190,2021-06-28 12:35:00+05:30,722.05,723.0,722.0,722.9,63491
191,2021-06-28 12:40:00+05:30,722.9,723.2,722.25,722.5,97954
192,2021-06-28 12:45:00+05:30,722.9,723.85,722.65,723.65,93206
193,2021-06-28 12:50:00+05:30,723.75,724.0,723.0,723.3,62710
194,2021-06-28 12:55:00+05:30,723.3,723.55,722.65,722.75,47719
195,2021-06-28 13:00:00+05:30,722.9,723.0,722.65,722.9,41014
196,2021-06-28 13:05:00+05:30,722.65,722.9,722.65,722.9,39116
197,2021-06-28 13:10:00+05:30,722.9,723.0,722.6,722.75,61209
198,2021-06-28 13:15:00+05:30,722.75,724.0,722.7,724.0,104704
199,2021-06-28 13:20:00+05:30,724.0,724.2,723.5,724.0,103464
200,2021-06-28 13:25:00+05:30,724.0,724.0,723.15,723.5,66656
201,2021-06-28 13:30:00+05:30,723.75,723.8,722.75,722.95,54406
202,2021-06-28 13:35:00+05:30,722.8,724.0,722.5,723.1,68973
203,2021-06-28 13:40:00+05:30,723.1,724.0,723.0,723.75,43693
204,2021-06-28 13:45:00+05:30,723.75,724.0,722.5,722.8,104455
205,2021-06-28 13:50:00+05:30,722.8,723.25,722.0,722.35,103833
206,2021-06-28 13:55:00+05:30,722.35,722.85,722.2,722.6,46861
207,2021-06-28 14:00:00+05:30,722.45,723.5,722.2,723.15,70800
208,2021-06-28 14:05:00+05:30,723.1,723.75,723.0,723.25,48154
209,2021-06-28 14:10:00+05:30,723.25,723.5,722.9,722.9,42059
210,2021-06-28 14:15:00+05:30,722.95,723.0,722.15,723.0,81107
211,2021-06-28 14:20:00+05:30,723.0,723.0,722.4,722.6,50584
212,2021-06-28 14:25:00+05:30,722.65,722.65,721.1,721.45,132351
213,2021-06-28 14:30:00+05:30,721.5,722.0,718.25,719.2,338765
214,2021-06-28 14:35:00+05:30,719.2,720.0,716.8,717.95,341106
215,2021-06-28 14:40:00+05:30,718.25,720.4,718.1,720.1,186068
216,2021-06-28 14:45:00+05:30,720.15,720.9,718.15,719.3,161076
217,2021-06-28 14:50:00+05:30,719.2,720.75,717.5,717.6,219919
218,2021-06-28 14:55:00+05:30,717.7,718.5,716.7,717.95,199995
219,2021-06-28 15:00:00+05:30,717.55,718.0,716.5,717.0,222939
220,2021-06-28 15:05:00+05:30,717.4,717.5,714.7,716.05,429148
221,2021-06-28 15:10:00+05:30,716.15,717.45,715.9,717.0,256139
222,2021-06-28 15:15:00+05:30,717.3,717.9,715.1,715.35,387546
223,2021-06-28 15:20:00+05:30,715.35,717.5,715.0,716.2,357961
224,2021-06-28 15:25:00+05:30,716.15,716.75,715.1,716.05,137187
225,2021-06-29 09:15:00+05:30,717.5,721.65,715.0,719.6,687491
226,2021-06-29 09:20:00+05:30,719.25,723.0,718.5,720.7,442671
227,2021-06-29 09:25:00+05:30,720.6,720.95,719.0,720.0,216160
228,2021-06-29 09:30:00+05:30,719.85,721.8,719.65,720.3,161428
229,2021-06-29 09:35:00+05:30,720.3,720.6,719.0,720.5,145841
230,2021-06-29 09:40:00+05:30,720.4,720.6,719.3,719.3,127081
231,2021-06-29 09:45:00+05:30,719.65,719.85,717.5,717.85,216701
232,2021-06-29 09:50:00+05:30,718.0,718.05,717.05,717.55,138159
233,2021-06-29 09:55:00+05:30,717.6,718.4,717.3,717.95,121178
234,2021-06-29 10:00:00+05:30,717.8,717.95,716.0,716.6,166410
235,2021-06-29 10:05:00+05:30,716.6,717.5,715.5,716.1,140444
236,2021-06-29 10:10:00+05:30,716.2,717.7,716.1,716.75,100244
237,2021-06-29 10:15:00+05:30,716.75,717.75,716.5,717.75,94535
238,2021-06-29 10:20:00+05:30,717.65,718.1,716.65,716.85,100236
239,2021-06-29 10:25:00+05:30,717.0,717.25,715.5,715.9,144600
240,2021-06-29 10:30:00+05:30,715.9,715.9,714.15,715.3,193409
241,2021-06-29 10:35:00+05:30,715.6,715.6,713.95,714.5,120259
242,2021-06-29 10:40:00+05:30,714.3,715.9,714.0,714.8,126848
243,2021-06-29 10:45:00+05:30,714.8,715.85,714.45,715.1,76692
244,2021-06-29 10:50:00+05:30,715.4,715.45,714.8,715.0,51591
245,2021-06-29 10:55:00+05:30,715.0,715.45,712.2,712.65,181105
246,2021-06-29 11:00:00+05:30,712.6,714.5,712.45,713.35,97786
247,2021-06-29 11:05:00+05:30,713.4,715.95,713.25,715.0,153960
248,2021-06-29 11:10:00+05:30,715.1,715.45,714.1,714.25,77267
249,2021-06-29 11:15:00+05:30,714.4,715.0,714.25,715.0,38603
250,2021-06-29 11:20:00+05:30,715.0,715.55,714.6,715.45,53157
251,2021-06-29 11:25:00+05:30,715.4,716.5,715.1,716.0,88371
252,2021-06-29 11:30:00+05:30,716.0,716.2,715.0,715.0,63106
253,2021-06-29 11:35:00+05:30,715.1,715.1,713.35,713.7,142460
254,2021-06-29 11:40:00+05:30,713.6,714.0,713.5,713.7,53370
255,2021-06-29 11:45:00+05:30,713.7,714.8,713.65,714.2,56564
256,2021-06-29 11:50:00+05:30,714.2,714.5,713.5,714.15,42060
257,2021-06-29 11:55:00+05:30,714.15,714.25,713.35,713.4,56743
258,2021-06-29 12:00:00+05:30,713.55,714.5,713.0,714.3,85905
259,2021-06-29 12:05:00+05:30,714.5,715.4,714.2,714.6,68234
260,2021-06-29 12:10:00+05:30,714.95,715.3,714.15,714.15,52043
261,2021-06-29 12:15:00+05:30,714.15,715.25,713.5,714.95,71410
262,2021-06-29 12:20:00+05:30,714.95,715.0,714.15,714.85,35336
263,2021-06-29 12:25:00+05:30,714.85,715.2,714.6,714.85,35154
264,2021-06-29 12:30:00+05:30,714.85,715.0,713.9,714.15,51349
265,2021-06-29 12:35:00+05:30,714.15,714.8,713.75,713.95,71548
266,2021-06-29 12:40:00+05:30,713.95,714.35,712.5,714.2,114858
267,2021-06-29 12:45:00+05:30,714.2,714.35,713.0,713.75,56558
268,2021-06-29 12:50:00+05:30,713.75,713.75,712.6,713.05,90994
269,2021-06-29 12:55:00+05:30,713.05,713.25,711.2,712.0,129837
270,2021-06-29 13:00:00+05:30,712.0,713.25,711.55,713.0,89028
271,2021-06-29 13:05:00+05:30,713.1,714.2,713.0,713.4,87035
272,2021-06-29 13:10:00+05:30,713.4,714.0,713.2,713.5,50019
273,2021-06-29 13:15:00+05:30,713.5,713.5,713.05,713.5,37722
274,2021-06-29 13:20:00+05:30,713.4,714.0,713.0,713.25,77991
275,2021-06-29 13:25:00+05:30,713.1,713.8,712.35,713.65,87292
276,2021-06-29 13:30:00+05:30,713.65,714.0,712.5,713.0,102752
277,2021-06-29 13:35:00+05:30,713.0,713.5,712.3,712.3,68475
278,2021-06-29 13:40:00+05:30,712.0,713.5,712.0,713.25,69195
279,2021-06-29 13:45:00+05:30,713.4,714.5,713.0,714.2,117725
280,2021-06-29 13:50:00+05:30,714.35,716.25,714.2,715.0,226382
281,2021-06-29 13:55:00+05:30,714.8,715.0,713.8,714.2,75024
282,2021-06-29 14:00:00+05:30,714.5,714.5,710.3,712.3,255071
283,2021-06-29 14:05:00+05:30,712.3,712.6,711.5,712.5,58335
284,2021-06-29 14:10:00+05:30,712.5,712.75,711.5,711.8,58685
285,2021-06-29 14:15:00+05:30,711.95,712.25,711.2,711.7,68156
286,2021-06-29 14:20:00+05:30,711.7,712.75,711.5,712.25,58718
287,2021-06-29 14:25:00+05:30,712.25,713.2,712.0,712.8,79620
288,2021-06-29 14:30:00+05:30,712.8,713.0,712.0,712.05,78554
289,2021-06-29 14:35:00+05:30,712.05,712.8,711.9,712.2,66008
290,2021-06-29 14:40:00+05:30,712.4,712.55,709.0,710.4,227896
291,2021-06-29 14:45:00+05:30,710.5,711.0,710.25,710.5,77421
292,2021-06-29 14:50:00+05:30,710.35,711.25,710.35,710.7,93994
293,2021-06-29 14:55:00+05:30,710.7,711.25,710.4,710.95,105337
294,2021-06-29 15:00:00+05:30,710.95,712.0,710.7,712.0,205076
295,2021-06-29 15:05:00+05:30,712.0,712.25,710.9,710.9,205300
296,2021-06-29 15:10:00+05:30,710.9,711.5,710.2,710.7,203396
297,2021-06-29 15:15:00+05:30,710.6,711.45,709.45,711.1,351955
298,2021-06-29 15:20:00+05:30,711.4,711.95,709.65,711.45,313700
299,2021-06-29 15:25:00+05:30,711.45,711.5,710.1,711.5,141819
300,2021-06-30 09:15:00+05:30,717.6,717.6,710.7,712.5,715565
301,2021-06-30 09:20:00+05:30,712.45,712.75,710.1,710.9,259426
302,2021-06-30 09:25:00+05:30,710.8,711.15,709.1,710.4,280074
303,2021-06-30 09:30:00+05:30,710.35,710.35,707.0,707.9,254753
304,2021-06-30 09:35:00+05:30,708.0,710.2,707.35,709.35,198834
305,2021-06-30 09:40:00+05:30,709.05,709.5,708.0,708.4,93357
306,2021-06-30 09:45:00+05:30,708.5,709.0,707.3,707.9,114226
307,2021-06-30 09:50:00+05:30,707.7,707.9,706.0,706.35,243986
308,2021-06-30 09:55:00+05:30,706.25,706.65,704.3,704.4,292920
309,2021-06-30 10:00:00+05:30,704.95,706.4,704.5,706.0,148241
310,2021-06-30 10:05:00+05:30,706.0,707.0,705.3,706.9,126418
311,2021-06-30 10:10:00+05:30,706.9,707.0,705.25,705.25,118146
312,2021-06-30 10:15:00+05:30,705.5,706.55,704.05,704.4,171746
313,2021-06-30 10:20:00+05:30,704.5,708.55,704.35,707.7,224664
314,2021-06-30 10:25:00+05:30,707.7,709.45,707.0,709.1,231269
315,2021-06-30 10:30:00+05:30,708.8,709.5,707.65,708.75,133749
316,2021-06-30 10:35:00+05:30,709.0,709.85,707.8,708.3,119094
317,2021-06-30 10:40:00+05:30,708.3,708.45,707.6,708.2,56132
318,2021-06-30 10:45:00+05:30,708.2,709.5,707.95,708.25,80892
319,2021-06-30 10:50:00+05:30,708.2,708.65,707.8,707.85,37593
320,2021-06-30 10:55:00+05:30,707.9,708.5,707.25,708.3,63426
321,2021-06-30 11:00:00+05:30,708.3,708.35,707.4,708.0,36820
322,2021-06-30 11:05:00+05:30,708.0,708.55,707.4,708.5,53658
323,2021-06-30 11:10:00+05:30,708.3,709.45,708.05,708.7,67387
324,2021-06-30 11:15:00+05:30,708.7,708.7,707.45,707.85,43328
325,2021-06-30 11:20:00+05:30,707.95,708.4,707.25,707.4,48989
326,2021-06-30 11:25:00+05:30,707.4,708.5,707.05,708.05,44347
327,2021-06-30 11:30:00+05:30,708.05,708.5,707.8,708.1,34078
328,2021-06-30 11:35:00+05:30,708.25,711.5,708.05,710.15,254044
329,2021-06-30 11:40:00+05:30,710.15,712.0,709.6,711.25,153313
330,2021-06-30 11:45:00+05:30,711.25,712.4,711.1,712.15,152198
331,2021-06-30 11:50:00+05:30,712.5,712.9,710.1,710.5,132675
332,2021-06-30 11:55:00+05:30,710.25,711.8,710.1,711.7,57817
333,2021-06-30 12:00:00+05:30,711.7,711.75,710.55,711.3,70358
334,2021-06-30 12:05:00+05:30,711.3,712.45,711.1,711.6,86153
335,2021-06-30 12:10:00+05:30,711.65,712.85,711.3,712.7,96637
336,2021-06-30 12:15:00+05:30,712.85,713.85,712.0,712.85,150273
337,2021-06-30 12:20:00+05:30,712.85,713.0,711.5,711.5,46098
338,2021-06-30 12:25:00+05:30,711.5,713.45,711.1,712.75,79061
339,2021-06-30 12:30:00+05:30,712.7,713.45,712.15,712.15,57822
340,2021-06-30 12:35:00+05:30,712.15,712.35,711.5,712.0,43752
341,2021-06-30 12:40:00+05:30,712.2,712.2,711.15,711.7,37581
342,2021-06-30 12:45:00+05:30,711.7,711.95,710.6,711.85,59208
343,2021-06-30 12:50:00+05:30,711.9,711.95,711.35,711.95,30451
344,2021-06-30 12:55:00+05:30,711.95,711.95,711.2,711.45,31675
345,2021-06-30 13:00:00+05:30,711.45,712.0,710.6,711.4,53686
346,2021-06-30 13:05:00+05:30,711.4,711.55,711.0,711.05,29472
347,2021-06-30 13:10:00+05:30,711.05,711.3,710.35,710.8,55320
348,2021-06-30 13:15:00+05:30,710.8,710.8,709.7,710.15,72154
349,2021-06-30 13:20:00+05:30,710.15,710.75,710.0,710.15,40809
350,2021-06-30 13:25:00+05:30,710.0,710.5,709.3,709.85,50153
351,2021-06-30 13:30:00+05:30,709.85,709.85,708.55,709.75,77815
352,2021-06-30 13:35:00+05:30,709.75,710.2,708.5,708.8,57653
353,2021-06-30 13:40:00+05:30,708.95,709.0,706.85,707.9,157972
354,2021-06-30 13:45:00+05:30,708.0,708.5,707.0,708.25,89818
355,2021-06-30 13:50:00+05:30,708.25,708.5,707.6,707.65,50368
356,2021-06-30 13:55:00+05:30,707.95,708.7,707.65,708.1,40649
357,2021-06-30 14:00:00+05:30,708.3,708.3,707.0,707.3,71323
358,2021-06-30 14:05:00+05:30,707.3,708.95,707.25,708.15,68404
359,2021-06-30 14:10:00+05:30,708.15,709.5,708.1,709.4,50631
360,2021-06-30 14:15:00+05:30,709.2,709.9,708.6,709.3,59314
361,2021-06-30 14:20:00+05:30,709.3,709.3,708.1,708.5,33408
362,2021-06-30 14:25:00+05:30,708.75,708.75,707.05,707.6,69234
363,2021-06-30 14:30:00+05:30,707.65,707.95,707.0,707.65,58959
364,2021-06-30 14:35:00+05:30,707.9,707.95,706.15,706.75,110746
365,2021-06-30 14:40:00+05:30,706.75,707.0,705.1,706.0,131389
366,2021-06-30 14:45:00+05:30,706.0,707.25,705.8,707.05,92415
367,2021-06-30 14:50:00+05:30,707.0,707.15,705.2,706.0,97048
368,2021-06-30 14:55:00+05:30,706.2,706.5,705.25,706.5,99653
369,2021-06-30 15:00:00+05:30,706.5,706.6,704.5,705.7,210775
370,2021-06-30 15:05:00+05:30,706.0,706.0,703.7,704.05,225999
371,2021-06-30 15:10:00+05:30,704.0,704.1,702.1,702.25,287109
372,2021-06-30 15:15:00+05:30,702.35,703.75,702.15,703.55,305984
373,2021-06-30 15:20:00+05:30,703.55,705.1,702.45,703.8,352562
374,2021-06-30 15:25:00+05:30,703.6,704.4,703.0,704.4,132347
375,2021-07-01 09:15:00+05:30,706.0,706.25,702.0,705.5,647556
376,2021-07-01 09:20:00+05:30,705.6,711.45,704.5,710.0,591433
377,2021-07-01 09:25:00+05:30,709.8,710.25,706.0,706.3,231342
378,2021-07-01 09:30:00+05:30,706.3,707.0,705.0,706.65,157546
379,2021-07-01 09:35:00+05:30,706.65,707.85,705.8,707.3,106419
380,2021-07-01 09:40:00+05:30,707.1,709.6,706.35,709.1,173240
381,2021-07-01 09:45:00+05:30,708.9,709.3,707.0,707.45,84441
382,2021-07-01 09:50:00+05:30,707.45,707.95,706.5,707.0,74460
383,2021-07-01 09:55:00+05:30,707.0,707.5,706.0,706.2,59982
384,2021-07-01 10:00:00+05:30,706.2,706.6,705.2,705.5,100222
385,2021-07-01 10:05:00+05:30,705.5,706.0,704.1,705.6,136800
386,2021-07-01 10:10:00+05:30,705.75,705.75,704.5,704.8,68324
387,2021-07-01 10:15:00+05:30,704.8,705.5,704.2,704.75,63088
388,2021-07-01 10:20:00+05:30,704.6,706.7,704.6,706.2,64485
389,2021-07-01 10:25:00+05:30,706.2,706.5,704.8,705.0,67333
390,2021-07-01 10:30:00+05:30,705.15,705.15,703.5,704.15,136685
391,2021-07-01 10:35:00+05:30,704.15,704.7,703.0,703.25,159681
392,2021-07-01 10:40:00+05:30,703.75,704.4,702.0,703.45,188095
393,2021-07-01 10:45:00+05:30,703.1,704.4,702.5,704.0,111375
394,2021-07-01 10:50:00+05:30,704.0,704.0,702.45,702.7,94274
395,2021-07-01 10:55:00+05:30,702.6,705.3,702.6,704.25,130982
396,2021-07-01 11:00:00+05:30,704.25,706.0,703.55,705.75,112782
397,2021-07-01 11:05:00+05:30,705.75,706.9,705.0,706.2,120025
398,2021-07-01 11:10:00+05:30,706.2,706.65,705.0,705.4,73296
399,2021-07-01 11:15:00+05:30,705.4,706.0,704.85,705.25,50706
400,2021-07-01 11:20:00+05:30,705.25,706.0,704.7,705.1,59207
401,2021-07-01 11:25:00+05:30,705.1,706.35,705.0,705.7,63971
402,2021-07-01 11:30:00+05:30,705.7,705.7,704.2,704.75,53250
403,2021-07-01 11:35:00+05:30,704.9,705.5,703.8,704.0,66674
404,2021-07-01 11:40:00+05:30,704.0,705.4,704.0,705.35,41640
405,2021-07-01 11:45:00+05:30,705.35,705.7,704.05,704.35,61708
406,2021-07-01 11:50:00+05:30,704.35,704.8,703.8,704.4,40430
407,2021-07-01 11:55:00+05:30,704.5,705.0,704.4,704.55,22892
408,2021-07-01 12:00:00+05:30,704.55,706.0,704.5,704.95,58357
409,2021-07-01 12:05:00+05:30,704.95,705.8,704.7,704.8,31129
410,2021-07-01 12:10:00+05:30,704.85,705.0,704.1,704.5,29952
411,2021-07-01 12:15:00+05:30,704.75,704.75,703.8,703.85,47028
412,2021-07-01 12:20:00+05:30,703.85,704.25,703.5,703.75,33338
413,2021-07-01 12:25:00+05:30,703.75,704.4,702.8,703.05,94695
414,2021-07-01 12:30:00+05:30,703.0,703.25,702.0,702.8,140428
415,2021-07-01 12:35:00+05:30,702.65,703.75,701.4,703.0,116824
416,2021-07-01 12:40:00+05:30,703.0,703.45,702.55,703.1,33382
417,2021-07-01 12:45:00+05:30,703.1,703.45,702.6,703.2,32800
418,2021-07-01 12:50:00+05:30,703.3,704.5,702.85,703.65,61816
419,2021-07-01 12:55:00+05:30,703.65,704.5,703.0,703.1,54334
420,2021-07-01 13:00:00+05:30,703.1,703.5,703.1,703.4,17803
421,2021-07-01 13:05:00+05:30,703.3,704.1,702.6,703.0,58515
422,2021-07-01 13:10:00+05:30,703.0,703.95,702.8,703.4,35297
423,2021-07-01 13:15:00+05:30,703.3,703.5,703.0,703.3,26291
424,2021-07-01 13:20:00+05:30,703.2,704.6,703.2,704.05,81887
425,2021-07-01 13:25:00+05:30,704.1,704.75,703.55,703.55,56404
426,2021-07-01 13:30:00+05:30,703.5,704.05,703.5,703.75,28973
427,2021-07-01 13:35:00+05:30,703.75,704.5,703.15,704.45,52545
428,2021-07-01 13:40:00+05:30,704.25,705.0,704.0,704.4,95513
429,2021-07-01 13:45:00+05:30,704.4,704.9,703.35,703.35,62949
430,2021-07-01 13:50:00+05:30,703.4,703.8,703.0,703.6,64663
431,2021-07-01 13:55:00+05:30,703.6,703.6,702.6,702.65,61070
432,2021-07-01 14:00:00+05:30,702.65,703.5,702.2,702.75,69330
433,2021-07-01 14:05:00+05:30,702.6,703.2,701.55,703.05,91537
434,2021-07-01 14:10:00+05:30,703.2,703.7,703.0,703.15,59128
435,2021-07-01 14:15:00+05:30,703.1,703.65,702.6,702.85,55747
436,2021-07-01 14:20:00+05:30,702.65,703.35,702.0,702.95,92484
437,2021-07-01 14:25:00+05:30,702.7,702.95,701.65,701.7,68095
438,2021-07-01 14:30:00+05:30,701.75,702.3,700.0,702.3,276771
439,2021-07-01 14:35:00+05:30,702.3,702.45,701.2,701.4,114169
440,2021-07-01 14:40:00+05:30,701.3,702.5,701.0,701.8,96296
441,2021-07-01 14:45:00+05:30,701.8,702.25,701.3,701.6,50651
442,2021-07-01 14:50:00+05:30,701.6,703.5,701.35,703.15,128437
443,2021-07-01 14:55:00+05:30,703.15,703.15,701.55,701.55,89238
444,2021-07-01 15:00:00+05:30,701.75,703.0,701.55,703.0,137833
445,2021-07-01 15:05:00+05:30,702.8,703.0,701.6,702.15,157275
446,2021-07-01 15:10:00+05:30,702.0,702.65,701.7,702.5,168975
447,2021-07-01 15:15:00+05:30,702.5,703.95,702.0,703.55,304790
448,2021-07-01 15:20:00+05:30,703.55,706.25,702.55,705.4,335031
449,2021-07-01 15:25:00+05:30,705.4,705.55,705.0,705.0,128048
450,2021-07-02 09:15:00+05:30,705.0,711.95,705.0,709.75,680961
451,2021-07-02 09:20:00+05:30,709.35,715.45,707.5,712.55,923046
452,2021-07-02 09:25:00+05:30,712.5,715.5,711.55,714.35,462808
453,2021-07-02 09:30:00+05:30,714.1,719.5,714.0,719.5,701846
454,2021-07-02 09:35:00+05:30,719.6,720.7,716.65,718.3,801559
455,2021-07-02 09:40:00+05:30,718.5,718.95,717.2,717.9,254549
456,2021-07-02 09:45:00+05:30,718.1,721.0,718.0,719.05,559282
457,2021-07-02 09:50:00+05:30,719.1,719.1,715.1,716.1,486566
458,2021-07-02 09:55:00+05:30,716.1,717.6,715.55,716.45,228957
459,2021-07-02 10:00:00+05:30,716.6,716.6,713.85,714.6,326413
460,2021-07-02 10:05:00+05:30,714.5,716.6,713.1,715.0,342906
461,2021-07-02 10:10:00+05:30,714.75,716.0,714.05,714.3,138840
462,2021-07-02 10:15:00+05:30,714.55,714.9,713.5,714.0,143010
463,2021-07-02 10:20:00+05:30,714.0,714.0,712.15,712.75,217065
464,2021-07-02 10:25:00+05:30,712.5,715.8,712.45,715.75,177038
465,2021-07-02 10:30:00+05:30,715.8,717.4,715.8,716.0,272621
466,2021-07-02 10:35:00+05:30,716.3,716.7,715.5,715.8,105420
467,2021-07-02 10:40:00+05:30,715.8,716.15,713.7,714.0,128453
468,2021-07-02 10:45:00+05:30,713.75,714.5,713.05,714.0,110213
469,2021-07-02 10:50:00+05:30,714.2,714.6,713.75,713.75,81959
470,2021-07-02 10:55:00+05:30,713.8,715.0,713.25,714.9,93549
471,2021-07-02 11:00:00+05:30,714.9,715.0,714.35,714.55,57684
472,2021-07-02 11:05:00+05:30,714.9,716.0,714.15,714.7,96333
473,2021-07-02 11:10:00+05:30,714.7,722.65,713.25,720.5,988681
474,2021-07-02 11:15:00+05:30,720.35,724.3,720.35,723.05,712093
475,2021-07-02 11:20:00+05:30,722.65,723.25,719.25,720.15,326077
476,2021-07-02 11:25:00+05:30,720.15,720.75,718.5,719.55,182048
477,2021-07-02 11:30:00+05:30,719.55,719.55,717.5,718.3,146967
478,2021-07-02 11:35:00+05:30,718.35,719.0,717.45,717.95,151393
479,2021-07-02 11:40:00+05:30,717.95,718.5,716.85,718.2,137439
480,2021-07-02 11:45:00+05:30,718.0,718.5,717.15,717.4,101922
481,2021-07-02 11:50:00+05:30,717.4,718.6,717.15,717.6,97832
482,2021-07-02 11:55:00+05:30,717.7,718.45,717.4,717.8,52585
483,2021-07-02 12:00:00+05:30,718.0,718.8,717.5,717.85,74290
484,2021-07-02 12:05:00+05:30,717.75,718.0,715.25,715.6,137370
485,2021-07-02 12:10:00+05:30,715.9,716.5,715.45,716.4,90135
486,2021-07-02 12:15:00+05:30,716.25,717.4,716.0,716.9,77298
487,2021-07-02 12:20:00+05:30,717.0,717.4,716.0,716.1,50096
488,2021-07-02 12:25:00+05:30,716.3,716.95,716.0,716.8,34775
489,2021-07-02 12:30:00+05:30,716.8,717.0,716.05,716.45,46357
490,2021-07-02 12:35:00+05:30,716.5,716.75,715.1,715.85,141860
491,2021-07-02 12:40:00+05:30,715.8,716.2,715.0,715.05,78698
492,2021-07-02 12:45:00+05:30,715.25,715.8,715.0,715.5,74554
493,2021-07-02 12:50:00+05:30,715.55,716.35,715.35,715.75,48484
494,2021-07-02 12:55:00+05:30,715.85,715.9,713.5,715.35,178922
495,2021-07-02 13:00:00+05:30,715.5,715.9,714.1,714.8,74742
496,2021-07-02 13:05:00+05:30,714.95,715.0,714.1,714.95,39251
497,2021-07-02 13:10:00+05:30,715.0,715.0,713.4,713.65,86992
498,2021-07-02 13:15:00+05:30,713.65,714.1,709.0,709.9,545147
499,2021-07-02 13:20:00+05:30,709.55,711.45,709.55,710.1,208746
500,2021-07-02 13:25:00+05:30,710.4,711.45,709.1,710.0,309078
501,2021-07-02 13:30:00+05:30,709.8,710.75,708.45,709.9,224175
502,2021-07-02 13:35:00+05:30,710.15,711.5,709.5,711.25,130355
503,2021-07-02 13:40:00+05:30,711.25,712.0,710.7,711.9,104979
504,2021-07-02 13:45:00+05:30,711.6,713.35,711.2,712.7,188306
505,2021-07-02 13:50:00+05:30,712.7,713.0,711.35,711.65,106877
506,2021-07-02 13:55:00+05:30,711.35,712.35,711.1,711.35,79872
507,2021-07-02 14:00:00+05:30,711.35,711.35,706.7,708.45,576456
508,2021-07-02 14:05:00+05:30,708.7,712.6,708.4,711.05,290659
509,2021-07-02 14:10:00+05:30,711.25,713.0,709.55,710.6,180223
510,2021-07-02 14:15:00+05:30,710.5,712.85,709.9,710.45,176643
511,2021-07-02 14:20:00+05:30,710.45,715.0,710.45,713.5,377512
512,2021-07-02 14:25:00+05:30,713.5,715.8,713.5,714.05,256322
513,2021-07-02 14:30:00+05:30,714.25,715.0,713.25,713.25,120672
514,2021-07-02 14:35:00+05:30,713.25,713.6,712.05,713.2,97492
515,2021-07-02 14:40:00+05:30,713.15,713.5,712.5,713.05,117508
516,2021-07-02 14:45:00+05:30,713.15,713.9,711.25,711.3,146988
517,2021-07-02 14:50:00+05:30,711.6,713.3,711.5,713.0,104811
518,2021-07-02 14:55:00+05:30,712.7,713.0,710.9,712.0,204324
519,2021-07-02 15:00:00+05:30,711.65,713.0,710.55,710.9,142889
520,2021-07-02 15:05:00+05:30,710.8,711.0,709.1,709.1,301132
521,2021-07-02 15:10:00+05:30,709.3,710.5,708.05,709.9,337797
522,2021-07-02 15:15:00+05:30,710.0,710.8,709.2,710.8,278158
523,2021-07-02 15:20:00+05:30,710.8,711.6,709.2,711.4,333047
524,2021-07-02 15:25:00+05:30,711.25,711.6,710.7,710.85,179577
525,2021-07-05 09:15:00+05:30,717.0,720.75,713.15,719.6,763204
526,2021-07-05 09:20:00+05:30,719.85,720.0,717.85,718.3,351184
527,2021-07-05 09:25:00+05:30,718.3,718.4,714.8,716.2,370198
528,2021-07-05 09:30:00+05:30,716.0,716.2,713.45,714.2,317207
529,2021-07-05 09:35:00+05:30,714.4,715.6,713.5,714.25,134805
530,2021-07-05 09:40:00+05:30,714.05,715.5,714.05,714.85,81766
531,2021-07-05 09:45:00+05:30,714.85,715.5,713.6,713.9,152377
532,2021-07-05 09:50:00+05:30,713.7,714.0,711.4,713.0,277457
533,2021-07-05 09:55:00+05:30,712.9,714.0,712.05,713.95,122295
534,2021-07-05 10:00:00+05:30,713.95,714.3,713.0,713.5,69488
535,2021-07-05 10:05:00+05:30,713.5,714.3,713.2,714.0,68590
536,2021-07-05 10:10:00+05:30,714.0,714.5,713.5,714.25,55283
537,2021-07-05 10:15:00+05:30,714.05,714.85,713.0,713.3,64725
538,2021-07-05 10:20:00+05:30,713.3,713.3,712.0,712.3,159048
539,2021-07-05 10:25:00+05:30,712.5,716.7,712.05,716.45,244762
540,2021-07-05 10:30:00+05:30,716.1,716.45,714.4,715.3,101254
541,2021-07-05 10:35:00+05:30,715.5,715.9,713.5,713.8,88659
542,2021-07-05 10:40:00+05:30,713.55,714.25,712.55,712.8,117715
543,2021-07-05 10:45:00+05:30,713.0,713.45,712.7,713.1,41314
544,2021-07-05 10:50:00+05:30,713.15,713.3,712.5,712.9,57228
545,2021-07-05 10:55:00+05:30,713.0,713.9,712.6,712.9,44161
546,2021-07-05 11:00:00+05:30,712.9,713.25,712.3,712.5,56933
547,2021-07-05 11:05:00+05:30,712.5,712.9,710.55,711.1,191926
548,2021-07-05 11:10:00+05:30,711.2,712.0,710.2,710.3,111764
549,2021-07-05 11:15:00+05:30,710.35,710.55,707.1,707.4,389096
550,2021-07-05 11:20:00+05:30,707.4,709.2,707.0,709.0,236951
551,2021-07-05 11:25:00+05:30,709.0,709.7,708.0,708.7,94801
552,2021-07-05 11:30:00+05:30,708.65,709.5,708.3,709.15,65174
553,2021-07-05 11:35:00+05:30,709.4,710.25,708.5,710.0,110969
554,2021-07-05 11:40:00+05:30,709.9,710.5,709.35,709.5,66616
555,2021-07-05 11:45:00+05:30,709.5,710.0,709.05,709.6,44571
556,2021-07-05 11:50:00+05:30,709.5,709.9,708.6,708.7,33504
557,2021-07-05 11:55:00+05:30,708.7,709.6,708.05,709.0,55759
558,2021-07-05 12:00:00+05:30,709.0,709.2,708.4,708.9,47994
559,2021-07-05 12:05:00+05:30,708.9,710.45,708.7,710.3,81192
560,2021-07-05 12:10:00+05:30,710.3,710.75,709.8,710.1,55744
561,2021-07-05 12:15:00+05:30,710.1,710.3,709.1,709.3,65558
562,2021-07-05 12:20:00+05:30,709.1,709.3,706.0,707.1,271029
563,2021-07-05 12:25:00+05:30,707.25,707.6,706.7,707.1,71832
564,2021-07-05 12:30:00+05:30,707.2,707.95,707.05,707.5,49042
565,2021-07-05 12:35:00+05:30,707.45,707.5,706.4,706.8,88276
566,2021-07-05 12:40:00+05:30,706.6,707.0,705.6,706.95,113620
567,2021-07-05 12:45:00+05:30,706.9,707.75,706.5,706.75,61005
568,2021-07-05 12:50:00+05:30,706.55,707.0,706.1,706.6,41359
569,2021-07-05 12:55:00+05:30,706.6,707.0,706.6,706.75,19360
570,2021-07-05 13:00:00+05:30,706.75,708.3,706.5,708.15,118751
571,2021-07-05 13:05:00+05:30,708.15,708.3,707.3,707.65,54230
572,2021-07-05 13:10:00+05:30,707.5,707.7,705.6,706.05,91014
573,2021-07-05 13:15:00+05:30,706.0,706.65,705.25,705.95,101076
574,2021-07-05 13:20:00+05:30,705.9,706.0,704.0,704.1,255992
575,2021-07-05 13:25:00+05:30,703.9,704.25,703.15,704.25,174098
576,2021-07-05 13:30:00+05:30,704.3,705.45,704.15,704.75,98065
577,2021-07-05 13:35:00+05:30,704.75,705.9,704.65,705.5,74053
578,2021-07-05 13:40:00+05:30,705.5,706.0,705.0,705.0,42040
579,2021-07-05 13:45:00+05:30,705.25,705.85,704.55,704.8,56716
580,2021-07-05 13:50:00+05:30,704.55,704.75,703.0,704.4,154522
581,2021-07-05 13:55:00+05:30,704.4,705.4,703.65,705.1,69483
582,2021-07-05 14:00:00+05:30,705.1,706.6,704.6,706.35,138828
583,2021-07-05 14:05:00+05:30,706.35,707.65,705.85,707.2,111883
584,2021-07-05 14:10:00+05:30,707.2,709.35,707.0,708.0,231849
585,2021-07-05 14:15:00+05:30,708.0,708.5,707.0,707.35,80780
586,2021-07-05 14:20:00+05:30,707.35,707.5,706.45,706.7,82166
587,2021-07-05 14:25:00+05:30,706.7,707.2,706.3,706.7,75399
588,2021-07-05 14:30:00+05:30,706.7,710.9,706.55,709.85,318798
589,2021-07-05 14:35:00+05:30,709.85,710.45,708.65,709.1,213593
590,2021-07-05 14:40:00+05:30,709.1,714.0,709.05,713.45,471003
591,2021-07-05 14:45:00+05:30,713.55,714.6,712.05,713.85,335337
592,2021-07-05 14:50:00+05:30,714.0,714.0,710.5,711.2,183372
593,2021-07-05 14:55:00+05:30,710.95,711.8,710.05,711.2,121952
594,2021-07-05 15:00:00+05:30,711.15,712.9,710.5,710.7,105837
595,2021-07-05 15:05:00+05:30,710.7,711.25,708.5,709.35,241894
596,2021-07-05 15:10:00+05:30,709.55,710.5,708.6,710.5,178917
597,2021-07-05 15:15:00+05:30,710.5,710.8,709.0,710.7,258614
598,2021-07-05 15:20:00+05:30,710.7,711.05,708.75,710.45,360543
599,2021-07-05 15:25:00+05:30,710.45,710.5,709.05,709.45,162559
600,2021-07-06 09:15:00+05:30,712.0,713.45,707.15,708.3,536098
601,2021-07-06 09:20:00+05:30,708.35,713.9,707.65,713.0,307507
602,2021-07-06 09:25:00+05:30,713.3,714.5,711.3,713.65,284869
603,2021-07-06 09:30:00+05:30,713.5,715.0,712.45,714.65,259073
604,2021-07-06 09:35:00+05:30,714.65,714.7,712.05,712.1,142396
605,2021-07-06 09:40:00+05:30,712.3,713.2,711.0,711.0,141563
606,2021-07-06 09:45:00+05:30,711.0,723.0,710.75,723.0,776026
607,2021-07-06 09:50:00+05:30,723.4,731.65,722.15,730.65,1833133
608,2021-07-06 09:55:00+05:30,730.85,731.0,724.0,724.15,708283
609,2021-07-06 10:00:00+05:30,724.9,726.65,722.35,725.35,501007
610,2021-07-06 10:05:00+05:30,725.4,728.5,725.3,725.6,387939
611,2021-07-06 10:10:00+05:30,725.8,726.0,723.0,723.9,237582
612,2021-07-06 10:15:00+05:30,723.9,727.4,723.4,727.1,211291
613,2021-07-06 10:20:00+05:30,727.0,728.5,725.45,725.95,335725
614,2021-07-06 10:25:00+05:30,725.75,726.25,724.75,725.25,147016
615,2021-07-06 10:30:00+05:30,725.3,726.2,723.6,726.05,163399
616,2021-07-06 10:35:00+05:30,725.75,726.2,724.2,724.55,60982
617,2021-07-06 10:40:00+05:30,724.55,725.95,724.0,725.55,90949
618,2021-07-06 10:45:00+05:30,725.2,727.5,724.7,727.0,212341
619,2021-07-06 10:50:00+05:30,727.2,727.35,725.85,726.65,169412
620,2021-07-06 10:55:00+05:30,726.65,728.0,726.1,727.0,174095
621,2021-07-06 11:00:00+05:30,727.1,727.25,726.05,726.5,93561
622,2021-07-06 11:05:00+05:30,726.3,726.65,724.25,724.95,164022
623,2021-07-06 11:10:00+05:30,724.7,725.75,724.1,724.15,93211
624,2021-07-06 11:15:00+05:30,724.1,724.8,723.2,724.1,175435
625,2021-07-06 11:20:00+05:30,724.1,724.65,723.1,723.4,84545
626,2021-07-06 11:25:00+05:30,723.4,723.5,721.0,721.35,317803
627,2021-07-06 11:30:00+05:30,721.5,722.5,721.3,721.3,120715
628,2021-07-06 11:35:00+05:30,721.3,722.45,720.45,721.9,129178
629,2021-07-06 11:40:00+05:30,721.8,722.8,721.8,722.65,70691
630,2021-07-06 11:45:00+05:30,722.65,722.7,720.65,721.3,94365
631,2021-07-06 11:50:00+05:30,721.3,721.9,721.05,721.8,39774
632,2021-07-06 11:55:00+05:30,721.55,722.0,721.05,721.95,47177
633,2021-07-06 12:00:00+05:30,721.85,723.0,721.45,722.6,132372
634,2021-07-06 12:05:00+05:30,722.6,724.65,722.25,723.7,163322
635,2021-07-06 12:10:00+05:30,723.7,724.0,723.2,723.2,44215
636,2021-07-06 12:15:00+05:30,723.2,724.15,723.05,723.9,102844
637,2021-07-06 12:20:00+05:30,723.9,723.9,723.0,723.45,35126
638,2021-07-06 12:25:00+05:30,723.75,723.8,722.5,722.7,36366
639,2021-07-06 12:30:00+05:30,722.7,722.75,722.0,722.05,60348
640,2021-07-06 12:35:00+05:30,722.05,722.3,721.65,721.7,82837
641,2021-07-06 12:40:00+05:30,721.7,722.9,721.7,722.3,39104
642,2021-07-06 12:45:00+05:30,722.05,724.65,721.9,724.0,87914
643,2021-07-06 12:50:00+05:30,723.75,724.0,722.25,722.3,50895
644,2021-07-06 12:55:00+05:30,722.4,722.85,721.75,722.0,57446
645,2021-07-06 13:00:00+05:30,722.0,722.8,721.9,722.65,36636
646,2021-07-06 13:05:00+05:30,722.5,723.45,722.3,722.6,35456
647,2021-07-06 13:10:00+05:30,722.55,722.95,722.0,722.6,36349
648,2021-07-06 13:15:00+05:30,722.85,723.25,722.4,723.0,33438
649,2021-07-06 13:20:00+05:30,723.0,723.85,722.75,723.5,42310
650,2021-07-06 13:25:00+05:30,723.65,723.7,722.2,722.5,34518
651,2021-07-06 13:30:00+05:30,722.5,723.5,722.5,723.25,30420
652,2021-07-06 13:35:00+05:30,723.1,723.35,722.55,723.25,29566
653,2021-07-06 13:40:00+05:30,723.1,724.0,722.7,722.7,65277
654,2021-07-06 13:45:00+05:30,722.95,723.4,722.65,723.0,29445
655,2021-07-06 13:50:00+05:30,722.85,723.0,722.0,722.2,70950
656,2021-07-06 13:55:00+05:30,722.2,722.2,721.0,721.35,113947
657,2021-07-06 14:00:00+05:30,721.35,721.5,718.05,718.35,334770
658,2021-07-06 14:05:00+05:30,718.0,719.0,717.1,718.9,204585
659,2021-07-06 14:10:00+05:30,718.9,718.9,717.0,717.0,114335
660,2021-07-06 14:15:00+05:30,717.1,717.85,715.1,715.1,222568
661,2021-07-06 14:20:00+05:30,715.3,715.7,712.2,715.7,534031
662,2021-07-06 14:25:00+05:30,715.15,715.25,711.0,712.9,361803
663,2021-07-06 14:30:00+05:30,712.35,712.9,710.6,711.0,182590
664,2021-07-06 14:35:00+05:30,711.2,714.15,710.95,712.9,172863
665,2021-07-06 14:40:00+05:30,712.85,715.25,712.5,714.9,188374
666,2021-07-06 14:45:00+05:30,715.0,715.55,714.15,714.9,145554
667,2021-07-06 14:50:00+05:30,714.95,716.7,714.9,715.5,162125
668,2021-07-06 14:55:00+05:30,715.6,716.0,714.05,714.4,112648
669,2021-07-06 15:00:00+05:30,714.5,716.0,713.35,713.8,109469
670,2021-07-06 15:05:00+05:30,713.95,713.95,711.55,712.5,223463
671,2021-07-06 15:10:00+05:30,712.35,712.95,712.2,712.7,166867
672,2021-07-06 15:15:00+05:30,712.7,712.7,711.15,712.0,261662
673,2021-07-06 15:20:00+05:30,711.8,713.7,711.35,713.65,321629
674,2021-07-06 15:25:00+05:30,713.3,714.9,713.2,713.75,178168
675,2021-07-07 09:15:00+05:30,716.9,720.7,713.1,720.1,749958
676,2021-07-07 09:20:00+05:30,719.7,720.5,717.3,717.9,443076
677,2021-07-07 09:25:00+05:30,717.85,717.85,714.0,714.7,285977
678,2021-07-07 09:30:00+05:30,714.55,716.9,714.05,715.15,197399
679,2021-07-07 09:35:00+05:30,715.4,716.0,715.05,716.0,68198
680,2021-07-07 09:40:00+05:30,716.0,716.35,714.1,714.65,144828
681,2021-07-07 09:45:00+05:30,714.65,714.95,711.0,712.15,356650
682,2021-07-07 09:50:00+05:30,712.0,712.3,708.0,708.65,386249
683,2021-07-07 09:55:00+05:30,707.4,712.8,706.05,712.45,317407
684,2021-07-07 10:00:00+05:30,712.0,712.5,710.25,711.5,108304
685,2021-07-07 10:05:00+05:30,711.7,712.25,711.5,712.0,46823
686,2021-07-07 10:10:00+05:30,712.0,713.65,711.75,712.7,134405
687,2021-07-07 10:15:00+05:30,712.5,713.55,712.3,712.65,91019
688,2021-07-07 10:20:00+05:30,712.65,713.35,712.5,713.15,41998
689,2021-07-07 10:25:00+05:30,713.15,713.55,712.55,712.9,52231
690,2021-07-07 10:30:00+05:30,712.8,712.8,710.0,710.5,102789
691,2021-07-07 10:35:00+05:30,710.45,711.85,710.0,710.3,72333
692,2021-07-07 10:40:00+05:30,710.0,710.95,710.0,710.45,50954
693,2021-07-07 10:45:00+05:30,710.8,710.95,710.1,710.5,29413
694,2021-07-07 10:50:00+05:30,710.7,711.15,710.0,711.0,48412
695,2021-07-07 10:55:00+05:30,711.0,711.0,708.7,710.0,91818
696,2021-07-07 11:00:00+05:30,710.0,710.85,708.95,709.65,92599
697,2021-07-07 11:05:00+05:30,709.65,712.25,709.5,711.9,87634
698,2021-07-07 11:10:00+05:30,711.95,712.7,711.95,712.1,59301
699,2021-07-07 11:15:00+05:30,712.2,712.6,712.05,712.1,30986
700,2021-07-07 11:20:00+05:30,712.1,712.7,711.9,712.15,34078
701,2021-07-07 11:25:00+05:30,712.15,713.9,712.1,712.25,81480
702,2021-07-07 11:30:00+05:30,712.25,713.0,711.5,712.9,54740
703,2021-07-07 11:35:00+05:30,712.9,712.9,711.55,711.6,22260
704,2021-07-07 11:40:00+05:30,711.6,712.7,711.6,712.3,15952
705,2021-07-07 11:45:00+05:30,712.3,716.2,712.25,715.85,216309
706,2021-07-07 11:50:00+05:30,715.75,716.25,714.2,714.4,87310
707,2021-07-07 11:55:00+05:30,714.4,714.6,713.0,713.05,62171
708,2021-07-07 12:00:00+05:30,713.1,714.6,713.0,713.75,88302
709,2021-07-07 12:05:00+05:30,714.0,714.45,713.0,713.55,36086
710,2021-07-07 12:10:00+05:30,713.55,714.0,713.05,713.4,19056
711,2021-07-07 12:15:00+05:30,713.65,714.45,713.15,713.4,52408
712,2021-07-07 12:20:00+05:30,713.4,714.4,713.4,713.9,35446
713,2021-07-07 12:25:00+05:30,713.9,715.55,713.75,715.2,93225
714,2021-07-07 12:30:00+05:30,715.0,715.85,713.9,714.2,109291
715,2021-07-07 12:35:00+05:30,714.2,714.3,713.4,713.6,38111
716,2021-07-07 12:40:00+05:30,713.6,715.5,713.3,714.85,80728
717,2021-07-07 12:45:00+05:30,714.85,715.5,714.5,714.7,42133
718,2021-07-07 12:50:00+05:30,714.9,714.9,714.5,714.5,29771
719,2021-07-07 12:55:00+05:30,714.6,715.0,714.3,714.6,34681
720,2021-07-07 13:00:00+05:30,714.7,714.7,713.35,713.9,42521
721,2021-07-07 13:05:00+05:30,713.9,714.9,713.65,714.85,33196
722,2021-07-07 13:10:00+05:30,714.65,715.5,714.5,715.0,62408
723,2021-07-07 13:15:00+05:30,715.0,715.35,714.6,714.85,33303
724,2021-07-07 13:20:00+05:30,714.95,714.95,714.05,714.15,23679
725,2021-07-07 13:25:00+05:30,714.2,714.9,714.1,714.5,26346
726,2021-07-07 13:30:00+05:30,714.6,715.4,714.25,715.4,45032
727,2021-07-07 13:35:00+05:30,715.45,717.6,715.35,715.85,285688
728,2021-07-07 13:40:00+05:30,715.85,715.85,714.85,715.4,38418
729,2021-07-07 13:45:00+05:30,715.4,715.5,714.55,714.8,45934
730,2021-07-07 13:50:00+05:30,715.0,716.0,714.75,715.55,49479
731,2021-07-07 13:55:00+05:30,715.8,716.5,715.15,715.95,54269
732,2021-07-07 14:00:00+05:30,716.0,716.15,715.05,716.15,47845
733,2021-07-07 14:05:00+05:30,716.15,716.25,715.7,715.95,36946
734,2021-07-07 14:10:00+05:30,715.9,716.95,715.3,716.85,57554
735,2021-07-07 14:15:00+05:30,716.95,717.25,714.6,715.5,81215
736,2021-07-07 14:20:00+05:30,715.5,715.95,714.75,715.7,34098
737,2021-07-07 14:25:00+05:30,715.7,722.0,715.55,719.35,510960
738,2021-07-07 14:30:00+05:30,719.35,720.0,718.5,718.95,132602
739,2021-07-07 14:35:00+05:30,718.95,719.0,718.0,719.0,81722
740,2021-07-07 14:40:00+05:30,719.0,719.45,716.35,716.6,117565
741,2021-07-07 14:45:00+05:30,716.6,717.0,715.5,716.7,95669
742,2021-07-07 14:50:00+05:30,716.75,717.0,716.0,717.0,36978
743,2021-07-07 14:55:00+05:30,717.0,717.75,716.4,716.5,83302
744,2021-07-07 15:00:00+05:30,716.7,719.6,716.6,717.9,159175
745,2021-07-07 15:05:00+05:30,718.0,719.5,717.65,718.35,138519
746,2021-07-07 15:10:00+05:30,718.15,719.5,718.0,719.0,156419
747,2021-07-07 15:15:00+05:30,719.1,720.9,718.75,720.7,293273
748,2021-07-07 15:20:00+05:30,720.5,722.0,719.2,721.35,356503
749,2021-07-07 15:25:00+05:30,721.5,723.0,721.0,722.5,209020
750,2021-07-08 09:15:00+05:30,724.0,727.4,722.55,726.95,586511
751,2021-07-08 09:20:00+05:30,727.0,728.0,725.25,726.35,358072
752,2021-07-08 09:25:00+05:30,726.4,726.4,723.0,723.0,247629
753,2021-07-08 09:30:00+05:30,723.05,723.25,720.6,721.8,324030
754,2021-07-08 09:35:00+05:30,721.4,723.5,721.2,722.9,142505
755,2021-07-08 09:40:00+05:30,722.9,723.0,721.1,722.5,100103
756,2021-07-08 09:45:00+05:30,722.6,722.7,721.1,721.6,104888
757,2021-07-08 09:50:00+05:30,721.65,722.05,720.5,721.7,148435
758,2021-07-08 09:55:00+05:30,721.7,722.55,721.5,722.3,53495
759,2021-07-08 10:00:00+05:30,722.3,724.95,722.1,724.35,169781
760,2021-07-08 10:05:00+05:30,724.35,724.35,723.25,723.8,56541
761,2021-07-08 10:10:00+05:30,724.0,724.2,723.3,723.55,58910
762,2021-07-08 10:15:00+05:30,723.55,723.8,722.0,722.4,66868
763,2021-07-08 10:20:00+05:30,722.5,722.5,722.05,722.1,39968
764,2021-07-08 10:25:00+05:30,722.0,722.75,721.6,721.95,61498
765,2021-07-08 10:30:00+05:30,721.9,723.4,721.9,723.2,36990
766,2021-07-08 10:35:00+05:30,723.2,723.65,722.45,722.95,50589
767,2021-07-08 10:40:00+05:30,722.95,725.4,722.95,724.9,154410
768,2021-07-08 10:45:00+05:30,724.9,725.75,724.0,725.75,141537
769,2021-07-08 10:50:00+05:30,725.8,726.95,724.5,724.85,145707
770,2021-07-08 10:55:00+05:30,724.65,725.35,724.15,724.5,42997
771,2021-07-08 11:00:00+05:30,724.5,724.5,723.55,723.7,48922
772,2021-07-08 11:05:00+05:30,723.7,724.3,723.25,723.3,62379
773,2021-07-08 11:10:00+05:30,723.3,723.55,723.0,723.05,35646
774,2021-07-08 11:15:00+05:30,723.05,724.0,722.8,723.75,46170
775,2021-07-08 11:20:00+05:30,723.75,724.0,723.15,723.5,19956
776,2021-07-08 11:25:00+05:30,723.5,724.5,723.5,724.0,24992
777,2021-07-08 11:30:00+05:30,724.0,724.1,723.05,723.5,19913
778,2021-07-08 11:35:00+05:30,723.5,723.7,722.1,722.45,46505
779,2021-07-08 11:40:00+05:30,722.2,722.7,722.0,722.5,37504
780,2021-07-08 11:45:00+05:30,722.6,722.95,722.0,722.7,54199
781,2021-07-08 11:50:00+05:30,722.7,723.35,722.5,723.1,29638
782,2021-07-08 11:55:00+05:30,723.1,723.25,722.15,722.4,25891
783,2021-07-08 12:00:00+05:30,722.5,722.5,721.6,722.1,104502
784,2021-07-08 12:05:00+05:30,722.3,722.35,721.0,721.65,80462
785,2021-07-08 12:10:00+05:30,721.5,721.5,719.1,721.1,175771
786,2021-07-08 12:15:00+05:30,721.0,721.0,720.05,720.15,57070
787,2021-07-08 12:20:00+05:30,720.05,721.45,719.7,721.1,64490
788,2021-07-08 12:25:00+05:30,721.1,721.7,720.0,720.25,53508
789,2021-07-08 12:30:00+05:30,720.1,720.45,719.4,719.65,67415
790,2021-07-08 12:35:00+05:30,719.65,720.0,718.55,719.45,107859
791,2021-07-08 12:40:00+05:30,719.45,720.0,718.8,719.7,51483
792,2021-07-08 12:45:00+05:30,719.3,719.7,718.5,719.4,38712
793,2021-07-08 12:50:00+05:30,719.1,719.45,717.5,718.25,85422
794,2021-07-08 12:55:00+05:30,718.05,718.8,716.5,716.5,66472
795,2021-07-08 13:00:00+05:30,716.5,717.95,716.2,717.4,80552
796,2021-07-08 13:05:00+05:30,717.25,719.1,717.25,718.7,55986
797,2021-07-08 13:10:00+05:30,718.85,718.85,717.8,718.25,34226
798,2021-07-08 13:15:00+05:30,718.25,718.25,717.0,717.2,41473
799,2021-07-08 13:20:00+05:30,717.2,717.6,715.1,717.55,144709
800,2021-07-08 13:25:00+05:30,717.3,718.25,717.0,718.0,43242
801,2021-07-08 13:30:00+05:30,718.0,718.0,716.0,716.5,42783
802,2021-07-08 13:35:00+05:30,716.85,717.0,715.6,716.65,45178
803,2021-07-08 13:40:00+05:30,716.65,718.35,716.5,717.9,60935
804,2021-07-08 13:45:00+05:30,718.1,718.1,715.6,716.0,66082
805,2021-07-08 13:50:00+05:30,716.0,716.25,713.75,714.25,183797
806,2021-07-08 13:55:00+05:30,713.6,714.0,711.0,711.1,228168
807,2021-07-08 14:00:00+05:30,711.3,711.5,709.1,709.6,203779
808,2021-07-08 14:05:00+05:30,709.6,712.15,709.4,712.0,118462
809,2021-07-08 14:10:00+05:30,711.75,713.5,711.35,712.8,112834
810,2021-07-08 14:15:00+05:30,712.75,713.4,712.55,713.3,57467
811,2021-07-08 14:20:00+05:30,713.0,713.4,710.6,711.2,75685
812,2021-07-08 14:25:00+05:30,711.2,712.5,710.65,711.8,53848
813,2021-07-08 14:30:00+05:30,711.55,712.0,710.6,710.8,56070
814,2021-07-08 14:35:00+05:30,710.8,711.1,709.1,710.3,126482
815,2021-07-08 14:40:00+05:30,710.3,712.2,710.3,712.0,85640
816,2021-07-08 14:45:00+05:30,712.1,713.35,712.0,713.2,107422
817,2021-07-08 14:50:00+05:30,713.2,713.25,711.95,712.45,63644
818,2021-07-08 14:55:00+05:30,712.5,712.95,712.0,712.4,45151
819,2021-07-08 15:00:00+05:30,712.5,714.0,710.55,711.85,177067
820,2021-07-08 15:05:00+05:30,711.8,711.95,710.55,711.0,139741
821,2021-07-08 15:10:00+05:30,711.0,712.8,710.65,711.35,190795
822,2021-07-08 15:15:00+05:30,711.5,712.7,710.8,712.5,315008
823,2021-07-08 15:20:00+05:30,712.35,712.6,710.85,711.4,215889
824,2021-07-08 15:25:00+05:30,711.45,712.0,711.4,711.8,108295
825,2021-07-09 09:15:00+05:30,712.5,715.0,708.4,714.7,452943
826,2021-07-09 09:20:00+05:30,714.65,714.65,710.5,713.45,287270
827,2021-07-09 09:25:00+05:30,713.45,716.0,712.7,715.4,282243
828,2021-07-09 09:30:00+05:30,715.75,717.0,715.0,715.0,187541
829,2021-07-09 09:35:00+05:30,715.0,716.9,714.1,715.8,136501
830,2021-07-09 09:40:00+05:30,715.7,718.0,715.65,716.15,180431
831,2021-07-09 09:45:00+05:30,716.1,716.3,713.8,714.0,127647
832,2021-07-09 09:50:00+05:30,714.25,715.0,714.0,714.6,45764
833,2021-07-09 09:55:00+05:30,714.8,714.9,713.2,713.9,100675
834,2021-07-09 10:00:00+05:30,713.95,714.65,713.65,714.05,71208
835,2021-07-09 10:05:00+05:30,714.05,718.0,714.05,717.55,161164
836,2021-07-09 10:10:00+05:30,717.5,719.45,716.35,719.3,261982
837,2021-07-09 10:15:00+05:30,719.15,719.95,718.0,719.7,183115
838,2021-07-09 10:20:00+05:30,719.95,721.45,719.0,720.65,264922
839,2021-07-09 10:25:00+05:30,720.6,721.7,718.5,718.5,160175
840,2021-07-09 10:30:00+05:30,718.7,719.9,718.0,718.5,112724
841,2021-07-09 10:35:00+05:30,718.3,719.5,718.05,719.25,83934
842,2021-07-09 10:40:00+05:30,719.3,720.5,718.9,719.45,98156
843,2021-07-09 10:45:00+05:30,719.45,720.95,719.45,720.1,96339
844,2021-07-09 10:50:00+05:30,720.3,722.7,720.1,722.3,240090
845,2021-07-09 10:55:00+05:30,722.3,722.95,719.25,719.5,161286
846,2021-07-09 11:00:00+05:30,719.55,719.55,718.35,718.85,96204
847,2021-07-09 11:05:00+05:30,718.85,718.95,718.15,718.5,57444
848,2021-07-09 11:10:00+05:30,718.5,719.0,717.55,718.2,100466
849,2021-07-09 11:15:00+05:30,718.4,718.5,717.05,717.65,94977
850,2021-07-09 11:20:00+05:30,717.65,717.65,716.75,717.15,71027
851,2021-07-09 11:25:00+05:30,717.15,719.7,717.1,719.25,93606
852,2021-07-09 11:30:00+05:30,719.25,719.55,717.9,718.7,62636
853,2021-07-09 11:35:00+05:30,718.5,720.35,718.2,718.7,87391
854,2021-07-09 11:40:00+05:30,718.55,719.5,718.45,719.1,40026
855,2021-07-09 11:45:00+05:30,719.05,720.45,719.0,720.05,74603
856,2021-07-09 11:50:00+05:30,720.05,720.5,719.0,720.5,69887
857,2021-07-09 11:55:00+05:30,720.5,720.8,719.5,720.25,48848
858,2021-07-09 12:00:00+05:30,720.25,724.9,720.1,723.65,361663
859,2021-07-09 12:05:00+05:30,724.1,733.0,724.1,731.0,1369785
860,2021-07-09 12:10:00+05:30,731.2,732.95,728.1,731.4,639743
861,2021-07-09 12:15:00+05:30,731.9,737.0,731.2,735.1,1106607
862,2021-07-09 12:20:00+05:30,735.0,735.0,732.05,732.9,411419
863,2021-07-09 12:25:00+05:30,732.9,733.0,727.5,729.55,551873
864,2021-07-09 12:30:00+05:30,729.35,732.5,729.3,731.45,247811
865,2021-07-09 12:35:00+05:30,731.4,732.5,730.35,731.55,175006
866,2021-07-09 12:40:00+05:30,731.55,731.8,729.0,729.05,154012
867,2021-07-09 12:45:00+05:30,729.0,731.0,729.0,730.45,119413
868,2021-07-09 12:50:00+05:30,730.45,731.3,729.65,730.9,108707
869,2021-07-09 12:55:00+05:30,730.7,730.9,729.05,729.05,96200
870,2021-07-09 13:00:00+05:30,729.05,729.9,728.4,729.9,141416
871,2021-07-09 13:05:00+05:30,729.9,730.5,728.5,728.8,134499
872,2021-07-09 13:10:00+05:30,728.8,729.3,728.5,728.65,77934
873,2021-07-09 13:15:00+05:30,728.65,728.95,727.15,727.75,181044
874,2021-07-09 13:20:00+05:30,727.55,728.9,726.3,728.75,195856
875,2021-07-09 13:25:00+05:30,728.8,729.9,728.45,729.85,124295
876,2021-07-09 13:30:00+05:30,729.85,731.0,729.05,729.1,197049
877,2021-07-09 13:35:00+05:30,729.4,729.45,728.6,729.2,77493
878,2021-07-09 13:40:00+05:30,729.1,730.5,728.3,728.9,160825
879,2021-07-09 13:45:00+05:30,728.9,729.9,728.65,729.1,72913
880,2021-07-09 13:50:00+05:30,729.3,729.5,728.45,728.6,65394
881,2021-07-09 13:55:00+05:30,728.6,728.8,727.05,727.1,115456
882,2021-07-09 14:00:00+05:30,727.65,728.45,726.75,728.2,199453
883,2021-07-09 14:05:00+05:30,728.2,728.45,727.6,728.0,58105
884,2021-07-09 14:10:00+05:30,727.95,729.4,727.95,728.65,85021
885,2021-07-09 14:15:00+05:30,728.85,729.0,727.2,728.0,63530
886,2021-07-09 14:20:00+05:30,728.0,729.0,728.0,728.7,37365
887,2021-07-09 14:25:00+05:30,728.8,729.0,727.2,727.85,133324
888,2021-07-09 14:30:00+05:30,727.85,727.9,723.4,724.0,435126
889,2021-07-09 14:35:00+05:30,724.0,725.95,723.7,724.65,157387
890,2021-07-09 14:40:00+05:30,724.65,727.45,724.5,726.2,159783
891,2021-07-09 14:45:00+05:30,726.15,727.9,725.85,726.75,118368
892,2021-07-09 14:50:00+05:30,727.05,728.0,726.75,726.95,91784
893,2021-07-09 14:55:00+05:30,726.95,727.5,726.5,727.05,107436
894,2021-07-09 15:00:00+05:30,727.05,727.6,725.0,725.4,194142
895,2021-07-09 15:05:00+05:30,725.4,727.85,725.4,727.85,167420
896,2021-07-09 15:10:00+05:30,727.5,729.8,726.85,728.05,430033
897,2021-07-09 15:15:00+05:30,728.4,731.15,728.0,728.75,542460
898,2021-07-09 15:20:00+05:30,728.8,730.65,728.1,728.55,325900
899,2021-07-09 15:25:00+05:30,728.55,728.6,727.5,728.0,124125
900,2021-07-12 09:15:00+05:30,734.4,735.55,731.7,733.85,561909
901,2021-07-12 09:20:00+05:30,734.0,734.0,731.0,731.2,231167
902,2021-07-12 09:25:00+05:30,731.3,733.8,731.2,732.4,240656
903,2021-07-12 09:30:00+05:30,732.4,732.55,730.5,730.6,166534
904,2021-07-12 09:35:00+05:30,730.7,731.9,729.3,730.0,188683
905,2021-07-12 09:40:00+05:30,730.25,730.7,729.55,729.7,78899
906,2021-07-12 09:45:00+05:30,729.5,730.6,728.55,729.15,128138
907,2021-07-12 09:50:00+05:30,729.4,729.55,727.7,728.5,131457
908,2021-07-12 09:55:00+05:30,728.55,730.0,728.05,728.15,111451
909,2021-07-12 10:00:00+05:30,728.25,728.9,726.0,726.8,220997
910,2021-07-12 10:05:00+05:30,726.8,728.0,726.55,727.35,100642
911,2021-07-12 10:10:00+05:30,727.1,727.5,725.2,726.2,117624
912,2021-07-12 10:15:00+05:30,726.2,727.9,726.0,727.7,93003
913,2021-07-12 10:20:00+05:30,727.7,728.95,727.65,728.9,90174
914,2021-07-12 10:25:00+05:30,728.9,730.7,728.2,730.3,159586
915,2021-07-12 10:30:00+05:30,730.3,731.45,730.0,730.35,158905
916,2021-07-12 10:35:00+05:30,730.4,730.5,728.55,728.9,88789
917,2021-07-12 10:40:00+05:30,729.0,730.4,728.6,728.75,59052
918,2021-07-12 10:45:00+05:30,728.8,728.95,727.7,728.0,73553
919,2021-07-12 10:50:00+05:30,728.0,728.3,727.2,727.8,46262
920,2021-07-12 10:55:00+05:30,727.7,728.8,727.65,728.7,26264
921,2021-07-12 11:00:00+05:30,728.7,729.25,726.55,726.55,71268
922,2021-07-12 11:05:00+05:30,726.8,727.95,726.55,727.7,55734
923,2021-07-12 11:10:00+05:30,727.7,728.3,726.7,726.95,36063
924,2021-07-12 11:15:00+05:30,726.95,727.6,726.6,726.75,42950
925,2021-07-12 11:20:00+05:30,727.15,727.4,726.65,726.95,34952
926,2021-07-12 11:25:00+05:30,726.9,728.0,726.8,727.5,31476
927,2021-07-12 11:30:00+05:30,727.65,727.95,726.25,726.55,46747
928,2021-07-12 11:35:00+05:30,726.45,727.0,725.65,726.05,84020
929,2021-07-12 11:40:00+05:30,726.3,726.4,725.25,725.55,103838
930,2021-07-12 11:45:00+05:30,725.55,726.4,724.05,724.4,203448
931,2021-07-12 11:50:00+05:30,724.45,724.9,723.1,724.8,169205
932,2021-07-12 11:55:00+05:30,724.8,725.65,724.6,725.4,68002
933,2021-07-12 12:00:00+05:30,725.2,725.45,724.5,724.65,34855
934,2021-07-12 12:05:00+05:30,724.75,724.9,723.55,723.65,62624
935,2021-07-12 12:10:00+05:30,723.65,724.45,723.5,723.7,45756
936,2021-07-12 12:15:00+05:30,724.0,724.0,723.1,723.8,57756
937,2021-07-12 12:20:00+05:30,723.7,723.95,722.5,723.5,117785
938,2021-07-12 12:25:00+05:30,723.75,723.75,722.0,723.5,105731
939,2021-07-12 12:30:00+05:30,723.5,723.5,722.2,723.3,51463
940,2021-07-12 12:35:00+05:30,723.3,725.8,723.3,724.45,151768
941,2021-07-12 12:40:00+05:30,724.75,725.0,723.65,723.9,35328
942,2021-07-12 12:45:00+05:30,723.95,724.45,723.45,724.4,29003
943,2021-07-12 12:50:00+05:30,724.4,725.0,724.25,724.9,42014
944,2021-07-12 12:55:00+05:30,724.9,725.75,724.2,725.35,67967
945,2021-07-12 13:00:00+05:30,725.35,725.45,724.7,724.7,21977
946,2021-07-12 13:05:00+05:30,724.85,724.85,723.15,723.55,46035
947,2021-07-12 13:10:00+05:30,723.55,723.55,721.0,721.45,208890
948,2021-07-12 13:15:00+05:30,721.25,721.9,719.0,721.6,362742
949,2021-07-12 13:20:00+05:30,721.95,722.45,719.2,720.4,167585
950,2021-07-12 13:25:00+05:30,720.4,722.5,720.0,721.85,95575
951,2021-07-12 13:30:00+05:30,721.85,722.4,721.05,722.1,53430
952,2021-07-12 13:35:00+05:30,722.0,723.0,721.75,722.25,53397
953,2021-07-12 13:40:00+05:30,722.25,722.9,721.05,721.55,43350
954,2021-07-12 13:45:00+05:30,721.55,721.85,720.05,720.3,72359
955,2021-07-12 13:50:00+05:30,720.3,721.5,720.05,721.0,35738
956,2021-07-12 13:55:00+05:30,721.0,721.4,720.25,721.05,52338
957,2021-07-12 14:00:00+05:30,721.05,721.45,720.75,721.05,32314
958,2021-07-12 14:05:00+05:30,721.0,721.5,720.7,720.9,26628
959,2021-07-12 14:10:00+05:30,720.8,720.9,719.0,719.2,118151
960,2021-07-12 14:15:00+05:30,719.2,720.35,719.0,719.35,74947
961,2021-07-12 14:20:00+05:30,719.35,720.0,719.0,719.25,57456
962,2021-07-12 14:25:00+05:30,719.2,720.6,719.2,720.35,36250
963,2021-07-12 14:30:00+05:30,720.35,720.5,719.2,719.25,44625
964,2021-07-12 14:35:00+05:30,719.25,719.25,715.1,716.0,322572
965,2021-07-12 14:40:00+05:30,716.1,717.55,715.5,715.5,179183
966,2021-07-12 14:45:00+05:30,715.5,718.3,715.5,717.95,166381
967,2021-07-12 14:50:00+05:30,717.8,718.9,717.45,718.55,107885
968,2021-07-12 14:55:00+05:30,718.65,718.65,717.45,718.5,64073
969,2021-07-12 15:00:00+05:30,719.0,720.4,718.65,719.3,128433
970,2021-07-12 15:05:00+05:30,719.3,719.3,717.75,718.25,142771
971,2021-07-12 15:10:00+05:30,718.25,718.5,717.1,718.25,192001
972,2021-07-12 15:15:00+05:30,718.1,718.5,717.05,717.6,358359
973,2021-07-12 15:20:00+05:30,717.6,719.35,717.3,719.0,393597
974,2021-07-12 15:25:00+05:30,718.95,719.0,717.1,717.95,155330
975,2021-07-13 09:15:00+05:30,720.0,720.25,710.75,715.55,1235086
976,2021-07-13 09:20:00+05:30,715.25,715.7,708.0,709.9,707073
977,2021-07-13 09:25:00+05:30,709.55,711.85,708.6,711.55,358263
978,2021-07-13 09:30:00+05:30,711.3,711.95,709.65,709.65,208664
979,2021-07-13 09:35:00+05:30,709.5,710.7,709.1,710.0,241418
980,2021-07-13 09:40:00+05:30,710.0,711.0,709.35,710.95,162798
981,2021-07-13 09:45:00+05:30,711.0,711.2,708.0,709.55,336565
982,2021-07-13 09:50:00+05:30,709.65,710.1,707.4,708.7,255750
983,2021-07-13 09:55:00+05:30,708.7,709.5,706.55,708.25,308000
984,2021-07-13 10:00:00+05:30,708.1,708.9,707.5,708.85,125301
985,2021-07-13 10:05:00+05:30,708.7,708.85,707.05,707.1,123181
986,2021-07-13 10:10:00+05:30,707.1,708.4,707.1,707.75,107616
987,2021-07-13 10:15:00+05:30,707.75,707.8,705.0,706.1,403842
988,2021-07-13 10:20:00+05:30,706.2,706.35,705.4,705.4,152878
989,2021-07-13 10:25:00+05:30,705.45,705.85,702.0,703.0,660959
990,2021-07-13 10:30:00+05:30,703.25,705.3,703.0,705.3,223058
991,2021-07-13 10:35:00+05:30,705.3,706.5,704.5,705.05,174709
992,2021-07-13 10:40:00+05:30,705.3,705.3,703.5,704.1,134630
993,2021-07-13 10:45:00+05:30,704.4,705.25,704.2,704.6,80261
994,2021-07-13 10:50:00+05:30,704.6,705.7,704.5,705.15,87723
995,2021-07-13 10:55:00+05:30,705.0,705.25,704.0,705.1,92973
996,2021-07-13 11:00:00+05:30,705.0,705.9,704.75,705.5,85613
997,2021-07-13 11:05:00+05:30,705.45,705.5,704.7,705.05,48720
998,2021-07-13 11:10:00+05:30,705.2,705.2,704.0,704.15,78000
999,2021-07-13 11:15:00+05:30,704.3,704.55,703.3,703.75,132487
1000,2021-07-13 11:20:00+05:30,703.75,704.2,703.3,703.9,86083
1001,2021-07-13 11:25:00+05:30,703.9,703.95,702.8,703.6,132481
1002,2021-07-13 11:30:00+05:30,703.8,704.25,703.7,704.05,50610
1003,2021-07-13 11:35:00+05:30,704.05,704.2,703.45,703.95,70578
1004,2021-07-13 11:40:00+05:30,703.7,704.45,703.7,704.3,70620
1005,2021-07-13 11:45:00+05:30,704.3,704.4,703.05,703.35,77681
1006,2021-07-13 11:50:00+05:30,703.35,704.9,703.35,704.55,122603
1007,2021-07-13 11:55:00+05:30,704.6,705.95,704.3,705.0,150445
1008,2021-07-13 12:00:00+05:30,705.0,705.0,704.5,704.95,46046
1009,2021-07-13 12:05:00+05:30,704.9,705.0,704.6,705.0,42132
1010,2021-07-13 12:10:00+05:30,704.95,705.0,703.6,703.75,45708
1011,2021-07-13 12:15:00+05:30,703.75,704.5,703.35,703.9,58379
1012,2021-07-13 12:20:00+05:30,703.9,704.1,703.05,703.1,89008
1013,2021-07-13 12:25:00+05:30,703.35,703.8,702.0,703.55,214175
1014,2021-07-13 12:30:00+05:30,703.5,703.95,703.05,703.5,55093
1015,2021-07-13 12:35:00+05:30,703.35,704.1,703.35,704.0,35261
1016,2021-07-13 12:40:00+05:30,703.8,704.8,703.8,704.3,47098
1017,2021-07-13 12:45:00+05:30,704.3,704.9,704.0,704.25,42777
1018,2021-07-13 12:50:00+05:30,704.25,704.25,703.65,703.9,27985
1019,2021-07-13 12:55:00+05:30,703.9,704.0,703.6,703.95,25293
1020,2021-07-13 13:00:00+05:30,703.95,704.65,703.35,704.2,67911
1021,2021-07-13 13:05:00+05:30,704.35,704.8,703.05,703.35,71439
1022,2021-07-13 13:10:00+05:30,703.35,704.2,703.35,703.9,36813
1023,2021-07-13 13:15:00+05:30,704.0,704.05,703.75,703.85,26700
1024,2021-07-13 13:20:00+05:30,703.85,704.0,703.2,703.4,34751
1025,2021-07-13 13:25:00+05:30,703.3,704.2,703.3,704.2,69518
1026,2021-07-13 13:30:00+05:30,704.2,707.25,703.85,705.95,386950
1027,2021-07-13 13:35:00+05:30,706.0,706.75,705.75,706.4,119764
1028,2021-07-13 13:40:00+05:30,706.4,706.45,705.5,706.4,97632
1029,2021-07-13 13:45:00+05:30,706.4,707.55,706.15,706.85,175994
1030,2021-07-13 13:50:00+05:30,706.85,707.1,706.0,706.15,76330
1031,2021-07-13 13:55:00+05:30,706.15,706.55,705.75,705.75,63334
1032,2021-07-13 14:00:00+05:30,705.75,706.0,704.6,705.9,114057
1033,2021-07-13 14:05:00+05:30,705.9,706.5,704.55,704.75,130559
1034,2021-07-13 14:10:00+05:30,704.55,705.65,704.55,705.65,85003
1035,2021-07-13 14:15:00+05:30,705.65,706.0,705.1,705.1,39561
1036,2021-07-13 14:20:00+05:30,705.3,705.3,704.55,704.8,51686
1037,2021-07-13 14:25:00+05:30,704.8,705.9,704.7,705.75,62223
1038,2021-07-13 14:30:00+05:30,705.75,705.85,704.8,705.55,40570
1039,2021-07-13 14:35:00+05:30,705.25,707.5,705.1,706.6,172995
1040,2021-07-13 14:40:00+05:30,706.3,706.85,705.5,705.7,64734
1041,2021-07-13 14:45:00+05:30,705.95,707.3,705.7,706.5,158796
1042,2021-07-13 14:50:00+05:30,706.5,706.95,705.75,706.15,98390
1043,2021-07-13 14:55:00+05:30,706.15,706.3,705.0,705.85,117967
1044,2021-07-13 15:00:00+05:30,705.55,706.2,705.1,705.1,126492
1045,2021-07-13 15:05:00+05:30,705.15,705.4,704.0,704.65,258446
1046,2021-07-13 15:10:00+05:30,704.65,704.9,704.0,704.4,230302
1047,2021-07-13 15:15:00+05:30,704.45,704.85,703.05,703.45,531669
1048,2021-07-13 15:20:00+05:30,703.5,704.0,702.55,703.7,481915
1049,2021-07-13 15:25:00+05:30,703.75,704.5,703.2,704.5,250760
1050,2021-07-14 09:15:00+05:30,709.4,711.5,706.5,707.95,1031700
1051,2021-07-14 09:20:00+05:30,707.35,710.85,707.0,709.3,346535
1052,2021-07-14 09:25:00+05:30,709.55,709.55,706.5,707.25,347859
1053,2021-07-14 09:30:00+05:30,707.2,707.4,704.4,706.8,382527
1054,2021-07-14 09:35:00+05:30,706.8,707.0,700.15,702.95,3366269
1055,2021-07-14 09:40:00+05:30,702.85,703.9,702.5,703.25,220344
1056,2021-07-14 09:45:00+05:30,703.25,703.9,702.6,702.9,135802
1057,2021-07-14 09:50:00+05:30,702.9,703.7,702.1,702.5,156524
1058,2021-07-14 09:55:00+05:30,702.5,702.5,700.5,700.65,303715
1059,2021-07-14 10:00:00+05:30,700.8,701.6,699.0,701.25,460248
1060,2021-07-14 10:05:00+05:30,701.25,702.0,701.0,701.95,111359
1061,2021-07-14 10:10:00+05:30,702.0,702.4,701.3,701.6,102851
1062,2021-07-14 10:15:00+05:30,701.6,702.85,701.4,702.75,71177
1063,2021-07-14 10:20:00+05:30,702.75,702.8,701.25,702.4,88739
1064,2021-07-14 10:25:00+05:30,702.4,705.7,702.35,704.65,402993
1065,2021-07-14 10:30:00+05:30,704.55,705.0,703.8,705.0,133262
1066,2021-07-14 10:35:00+05:30,704.7,705.0,703.95,704.35,70971
1067,2021-07-14 10:40:00+05:30,704.35,704.5,703.5,704.5,73253
1068,2021-07-14 10:45:00+05:30,704.45,705.5,704.4,704.9,138744
1069,2021-07-14 10:50:00+05:30,704.9,705.35,703.7,703.95,96038
1070,2021-07-14 10:55:00+05:30,703.95,704.0,702.7,703.5,104904
1071,2021-07-14 11:00:00+05:30,703.2,703.95,702.5,703.4,94962
1072,2021-07-14 11:05:00+05:30,703.45,704.95,702.7,704.7,83917
1073,2021-07-14 11:10:00+05:30,704.7,705.25,704.15,704.3,54888
1074,2021-07-14 11:15:00+05:30,704.3,704.55,703.5,704.0,42978
1075,2021-07-14 11:20:00+05:30,704.0,704.0,703.15,703.9,44924
1076,2021-07-14 11:25:00+05:30,703.9,704.25,703.45,703.9,27715
1077,2021-07-14 11:30:00+05:30,703.9,704.0,703.5,703.55,12549
1078,2021-07-14 11:35:00+05:30,703.55,704.0,702.35,702.5,110865
1079,2021-07-14 11:40:00+05:30,702.4,702.65,701.5,702.0,100490
1080,2021-07-14 11:45:00+05:30,701.95,702.6,701.7,701.95,69611
1081,2021-07-14 11:50:00+05:30,701.95,701.95,701.1,701.35,92709
1082,2021-07-14 11:55:00+05:30,701.55,701.65,700.8,701.65,123055
1083,2021-07-14 12:00:00+05:30,701.5,701.95,700.85,701.05,72022
1084,2021-07-14 12:05:00+05:30,701.05,701.95,700.85,701.8,46406
1085,2021-07-14 12:10:00+05:30,701.8,702.85,701.5,702.05,59308
1086,2021-07-14 12:15:00+05:30,702.15,702.15,701.5,702.0,29455
1087,2021-07-14 12:20:00+05:30,702.0,702.3,701.05,701.3,50314
1088,2021-07-14 12:25:00+05:30,701.3,701.55,700.15,700.6,124128
1089,2021-07-14 12:30:00+05:30,700.55,700.6,699.0,700.0,287201
1090,2021-07-14 12:35:00+05:30,699.95,701.2,699.8,701.0,88562
1091,2021-07-14 12:40:00+05:30,700.75,701.0,700.25,700.55,47811
1092,2021-07-14 12:45:00+05:30,700.4,701.75,700.3,701.55,88183
1093,2021-07-14 12:50:00+05:30,701.55,701.85,701.0,701.0,48122
1094,2021-07-14 12:55:00+05:30,701.05,701.5,700.6,701.05,42008
1095,2021-07-14 13:00:00+05:30,701.05,702.4,701.0,701.9,60402
1096,2021-07-14 13:05:00+05:30,701.85,702.0,700.95,701.75,97008
1097,2021-07-14 13:10:00+05:30,701.75,701.9,700.5,700.7,39642
1098,2021-07-14 13:15:00+05:30,700.75,700.75,699.5,699.8,129274
1099,2021-07-14 13:20:00+05:30,699.95,700.0,699.3,699.9,70231
1100,2021-07-14 13:25:00+05:30,699.9,700.0,699.5,699.8,59784
1101,2021-07-14 13:30:00+05:30,699.8,701.45,699.25,700.15,123784
1102,2021-07-14 13:35:00+05:30,700.35,700.4,699.7,700.25,29395
1103,2021-07-14 13:40:00+05:30,700.25,700.95,700.0,700.0,36584
1104,2021-07-14 13:45:00+05:30,700.05,700.35,699.5,700.0,62554
1105,2021-07-14 13:50:00+05:30,700.15,700.9,700.0,700.8,36589
1106,2021-07-14 13:55:00+05:30,700.7,700.9,700.4,700.55,28845
1107,2021-07-14 14:00:00+05:30,700.6,700.65,700.0,700.6,25538
1108,2021-07-14 14:05:00+05:30,700.6,700.85,700.25,700.5,39230
1109,2021-07-14 14:10:00+05:30,700.5,701.4,700.25,700.85,86187
1110,2021-07-14 14:15:00+05:30,700.7,700.85,700.0,700.1,73148
1111,2021-07-14 14:20:00+05:30,700.1,700.9,700.0,700.75,38222
1112,2021-07-14 14:25:00+05:30,700.7,701.0,700.25,700.5,52774
1113,2021-07-14 14:30:00+05:30,700.5,700.5,700.2,700.35,30137
1114,2021-07-14 14:35:00+05:30,700.45,700.5,700.2,700.2,63795
1115,2021-07-14 14:40:00+05:30,700.2,700.4,699.5,699.7,97944
1116,2021-07-14 14:45:00+05:30,699.55,699.8,699.5,699.6,55900
1117,2021-07-14 14:50:00+05:30,699.6,699.8,695.45,696.6,445790
1118,2021-07-14 14:55:00+05:30,696.6,697.8,696.4,697.5,139208
1119,2021-07-14 15:00:00+05:30,697.65,699.75,697.0,698.25,255060
1120,2021-07-14 15:05:00+05:30,698.25,698.8,697.15,698.3,181982
1121,2021-07-14 15:10:00+05:30,698.2,698.35,697.2,697.45,255162
1122,2021-07-14 15:15:00+05:30,697.3,697.75,696.0,696.9,381741
1123,2021-07-14 15:20:00+05:30,696.7,697.6,695.55,697.15,520382
1124,2021-07-14 15:25:00+05:30,697.15,697.35,696.1,696.4,269460
1125,2021-07-15 09:15:00+05:30,699.7,702.35,698.2,701.75,598534
1126,2021-07-15 09:20:00+05:30,701.75,701.75,699.45,699.45,238956
1127,2021-07-15 09:25:00+05:30,699.55,700.8,698.3,698.65,204353
1128,2021-07-15 09:30:00+05:30,698.65,698.85,696.2,697.85,280465
1129,2021-07-15 09:35:00+05:30,697.85,700.0,697.15,699.1,137198
1130,2021-07-15 09:40:00+05:30,699.1,700.45,698.8,699.35,141826
1131,2021-07-15 09:45:00+05:30,699.0,699.95,699.0,699.8,53265
1132,2021-07-15 09:50:00+05:30,699.9,704.6,699.3,703.25,315899
1133,2021-07-15 09:55:00+05:30,703.65,703.9,700.45,700.85,151821
1134,2021-07-15 10:00:00+05:30,700.85,701.0,699.5,699.75,114895
1135,2021-07-15 10:05:00+05:30,699.75,701.0,699.5,700.95,55436
1136,2021-07-15 10:10:00+05:30,700.95,701.0,699.55,699.55,72324
1137,2021-07-15 10:15:00+05:30,699.55,699.95,698.5,699.3,94703
1138,2021-07-15 10:20:00+05:30,699.2,699.5,698.2,698.75,61585
1139,2021-07-15 10:25:00+05:30,698.7,699.35,698.35,698.45,59399
1140,2021-07-15 10:30:00+05:30,698.45,698.45,696.5,696.65,165451
1141,2021-07-15 10:35:00+05:30,696.65,697.85,695.6,697.5,159499
1142,2021-07-15 10:40:00+05:30,697.5,698.25,696.8,698.25,77533
1143,2021-07-15 10:45:00+05:30,698.25,698.85,697.0,697.25,57942
1144,2021-07-15 10:50:00+05:30,697.25,698.3,696.55,697.7,45101
1145,2021-07-15 10:55:00+05:30,697.7,698.25,696.6,696.6,44065
1146,2021-07-15 11:00:00+05:30,696.95,697.65,696.85,697.0,30121
1147,2021-07-15 11:05:00+05:30,697.0,697.85,696.6,697.45,76499
1148,2021-07-15 11:10:00+05:30,697.0,698.15,697.0,697.95,51434
1149,2021-07-15 11:15:00+05:30,697.95,698.45,697.05,697.75,52276
1150,2021-07-15 11:20:00+05:30,697.6,698.0,697.4,697.75,21521
1151,2021-07-15 11:25:00+05:30,697.75,697.75,697.05,697.5,20418
1152,2021-07-15 11:30:00+05:30,697.6,698.35,697.5,697.8,44502
1153,2021-07-15 11:35:00+05:30,697.9,699.85,697.85,699.65,101856
1154,2021-07-15 11:40:00+05:30,699.7,699.85,698.0,698.4,70986
1155,2021-07-15 11:45:00+05:30,698.4,698.45,697.55,697.95,40759
1156,2021-07-15 11:50:00+05:30,698.0,698.35,697.7,697.8,24908
1157,2021-07-15 11:55:00+05:30,697.8,698.6,697.5,698.05,33323
1158,2021-07-15 12:00:00+05:30,698.05,698.9,698.0,698.8,29608
1159,2021-07-15 12:05:00+05:30,698.85,698.95,698.15,698.4,25706
1160,2021-07-15 12:10:00+05:30,698.4,698.5,698.0,698.1,22121
1161,2021-07-15 12:15:00+05:30,697.85,698.6,697.6,698.35,39060
1162,2021-07-15 12:20:00+05:30,698.35,700.0,698.25,699.85,109774
1163,2021-07-15 12:25:00+05:30,699.85,700.9,699.1,699.75,111315
1164,2021-07-15 12:30:00+05:30,699.75,700.6,699.05,700.0,71353
1165,2021-07-15 12:35:00+05:30,699.9,700.0,699.0,699.2,48388
1166,2021-07-15 12:40:00+05:30,699.2,699.75,698.4,698.75,49863
1167,2021-07-15 12:45:00+05:30,698.75,699.45,698.05,698.75,41617
1168,2021-07-15 12:50:00+05:30,698.75,699.25,698.4,698.5,33061
1169,2021-07-15 12:55:00+05:30,698.75,699.0,698.1,698.65,31336
1170,2021-07-15 13:00:00+05:30,698.65,700.85,698.1,700.45,139609
1171,2021-07-15 13:05:00+05:30,700.35,700.8,699.5,700.0,76839
1172,2021-07-15 13:10:00+05:30,700.0,700.5,699.7,700.15,54832
1173,2021-07-15 13:15:00+05:30,700.15,700.5,699.15,699.6,47326
1174,2021-07-15 13:20:00+05:30,699.6,699.6,699.05,699.25,35578
1175,2021-07-15 13:25:00+05:30,699.25,699.95,699.0,699.2,49087
1176,2021-07-15 13:30:00+05:30,699.2,700.25,699.05,699.6,39920
1177,2021-07-15 13:35:00+05:30,699.6,700.5,699.5,700.35,64519
1178,2021-07-15 13:40:00+05:30,700.45,706.35,700.1,703.0,676182
1179,2021-07-15 13:45:00+05:30,702.6,704.0,700.25,700.65,207880
1180,2021-07-15 13:50:00+05:30,700.65,700.65,699.0,699.6,143784
1181,2021-07-15 13:55:00+05:30,699.65,699.9,698.75,699.6,77490
1182,2021-07-15 14:00:00+05:30,699.6,699.8,699.0,699.65,27707
1183,2021-07-15 14:05:00+05:30,699.65,699.95,699.0,699.2,51372
1184,2021-07-15 14:10:00+05:30,699.2,699.9,698.5,699.75,54076
1185,2021-07-15 14:15:00+05:30,699.75,699.8,698.7,699.0,32036
1186,2021-07-15 14:20:00+05:30,699.0,699.7,699.0,699.5,27481
1187,2021-07-15 14:25:00+05:30,699.5,699.7,699.25,699.7,24819
1188,2021-07-15 14:30:00+05:30,699.7,700.4,699.35,700.0,69482
1189,2021-07-15 14:35:00+05:30,700.0,700.05,699.5,699.95,62266
1190,2021-07-15 14:40:00+05:30,699.95,701.0,699.8,700.15,75527
1191,2021-07-15 14:45:00+05:30,700.15,701.25,699.35,699.75,113039
1192,2021-07-15 14:50:00+05:30,699.95,700.55,699.0,699.15,64346
1193,2021-07-15 14:55:00+05:30,699.35,700.7,699.0,699.7,73609
1194,2021-07-15 15:00:00+05:30,699.7,700.9,699.5,699.6,85721
1195,2021-07-15 15:05:00+05:30,699.5,699.95,699.25,699.9,92966
1196,2021-07-15 15:10:00+05:30,699.9,699.9,698.15,698.65,186321
1197,2021-07-15 15:15:00+05:30,698.95,699.45,698.45,699.2,169888
1198,2021-07-15 15:20:00+05:30,699.15,699.75,698.15,699.05,204432
1199,2021-07-15 15:25:00+05:30,699.05,699.25,698.2,698.2,130427
1200,2021-07-16 09:15:00+05:30,699.7,702.85,699.65,700.75,336151
1201,2021-07-16 09:20:00+05:30,700.7,700.75,696.95,699.65,305164
1202,2021-07-16 09:25:00+05:30,699.4,699.8,698.4,699.3,122428
1203,2021-07-16 09:30:00+05:30,699.1,699.1,697.5,698.45,104553
1204,2021-07-16 09:35:00+05:30,698.45,698.8,697.25,697.5,81114
1205,2021-07-16 09:40:00+05:30,697.5,697.5,696.5,696.8,125840
1206,2021-07-16 09:45:00+05:30,696.6,698.5,696.6,697.55,95791
1207,2021-07-16 09:50:00+05:30,697.55,698.3,697.1,698.0,57153
1208,2021-07-16 09:55:00+05:30,698.05,698.75,697.25,697.9,60095
1209,2021-07-16 10:00:00+05:30,697.85,698.0,696.6,696.85,80624
1210,2021-07-16 10:05:00+05:30,696.85,697.65,696.6,696.95,46513
1211,2021-07-16 10:10:00+05:30,696.95,697.0,696.0,696.1,108444
1212,2021-07-16 10:15:00+05:30,696.1,696.5,694.4,694.4,112515
1213,2021-07-16 10:20:00+05:30,694.3,694.65,691.3,692.65,308653
1214,2021-07-16 10:25:00+05:30,692.6,694.5,692.5,693.15,115098
1215,2021-07-16 10:30:00+05:30,693.1,694.3,692.65,693.25,71805
1216,2021-07-16 10:35:00+05:30,693.25,693.5,692.8,693.1,53108
1217,2021-07-16 10:40:00+05:30,693.05,693.45,692.6,692.8,62118
1218,2021-07-16 10:45:00+05:30,692.75,693.05,691.55,692.5,114424
1219,2021-07-16 10:50:00+05:30,692.5,693.25,692.35,693.2,41463
1220,2021-07-16 10:55:00+05:30,693.2,693.25,692.2,692.9,40365
1221,2021-07-16 11:00:00+05:30,692.9,693.2,692.6,693.1,39846
1222,2021-07-16 11:05:00+05:30,693.15,693.4,693.0,693.2,33835
1223,2021-07-16 11:10:00+05:30,693.05,693.85,692.85,693.55,53694
1224,2021-07-16 11:15:00+05:30,693.55,694.0,693.0,693.45,50786
1225,2021-07-16 11:20:00+05:30,693.3,694.25,693.25,693.75,39712
1226,2021-07-16 11:25:00+05:30,693.75,693.75,693.0,693.2,28464
1227,2021-07-16 11:30:00+05:30,693.3,693.3,692.75,692.9,48703
1228,2021-07-16 11:35:00+05:30,692.9,693.0,692.15,692.15,52002
1229,2021-07-16 11:40:00+05:30,692.15,692.5,692.05,692.2,58412
1230,2021-07-16 11:45:00+05:30,692.3,693.1,692.15,692.75,56039
1231,2021-07-16 11:50:00+05:30,692.75,693.2,692.5,692.7,37414
1232,2021-07-16 11:55:00+05:30,692.7,693.15,690.0,690.0,191866
1233,2021-07-16 12:00:00+05:30,690.05,691.0,690.0,690.35,99838
1234,2021-07-16 12:05:00+05:30,690.3,690.9,689.3,690.45,171736
1235,2021-07-16 12:10:00+05:30,690.45,690.45,690.0,690.0,56140
1236,2021-07-16 12:15:00+05:30,690.0,690.0,687.95,688.6,153469
1237,2021-07-16 12:20:00+05:30,688.7,689.2,688.15,689.1,85548
1238,2021-07-16 12:25:00+05:30,689.1,690.5,688.65,690.35,134188
1239,2021-07-16 12:30:00+05:30,690.35,691.0,690.2,690.55,73073
1240,2021-07-16 12:35:00+05:30,690.55,691.0,690.0,690.05,47164
1241,2021-07-16 12:40:00+05:30,690.05,690.95,690.0,690.8,43237
1242,2021-07-16 12:45:00+05:30,690.85,691.0,690.15,690.5,23820
1243,2021-07-16 12:50:00+05:30,690.5,690.7,690.25,690.45,27940
1244,2021-07-16 12:55:00+05:30,690.45,690.85,690.2,690.7,29058
1245,2021-07-16 13:00:00+05:30,690.5,690.7,689.0,689.25,70331
1246,2021-07-16 13:05:00+05:30,689.2,690.8,689.2,690.2,37564
1247,2021-07-16 13:10:00+05:30,690.2,690.8,689.55,689.6,38548
1248,2021-07-16 13:15:00+05:30,689.6,690.15,689.3,689.7,34145
1249,2021-07-16 13:20:00+05:30,689.7,689.75,689.4,689.65,17537
1250,2021-07-16 13:25:00+05:30,689.65,689.75,688.65,688.85,72293
1251,2021-07-16 13:30:00+05:30,688.8,689.2,688.55,688.8,44304
1252,2021-07-16 13:35:00+05:30,688.7,688.8,688.55,688.65,44586
1253,2021-07-16 13:40:00+05:30,688.7,689.5,688.6,689.1,38733
1254,2021-07-16 13:45:00+05:30,689.1,689.7,689.0,689.5,45283
1255,2021-07-16 13:50:00+05:30,689.5,690.0,689.0,690.0,56222
1256,2021-07-16 13:55:00+05:30,690.0,690.0,689.1,689.35,45331
1257,2021-07-16 14:00:00+05:30,689.4,691.65,689.3,690.55,145700
1258,2021-07-16 14:05:00+05:30,690.5,690.55,689.0,689.15,63154
1259,2021-07-16 14:10:00+05:30,689.15,689.25,688.5,689.15,68204
1260,2021-07-16 14:15:00+05:30,689.15,690.0,689.0,689.65,56623
1261,2021-07-16 14:20:00+05:30,689.65,690.75,689.65,690.05,77080
1262,2021-07-16 14:25:00+05:30,690.05,691.0,689.55,689.9,81840
1263,2021-07-16 14:30:00+05:30,689.95,689.95,689.3,689.75,33334
1264,2021-07-16 14:35:00+05:30,689.75,691.0,689.7,690.15,92773
1265,2021-07-16 14:40:00+05:30,690.2,691.15,689.4,689.7,92424
1266,2021-07-16 14:45:00+05:30,689.85,690.5,689.5,689.7,48321
1267,2021-07-16 14:50:00+05:30,689.8,690.45,689.8,689.9,50429
1268,2021-07-16 14:55:00+05:30,689.85,690.0,689.15,689.15,69608
1269,2021-07-16 15:00:00+05:30,689.15,689.25,687.5,688.95,223410
1270,2021-07-16 15:05:00+05:30,688.85,689.25,688.0,688.2,165714
1271,2021-07-16 15:10:00+05:30,688.1,688.2,687.25,687.55,161211
1272,2021-07-16 15:15:00+05:30,687.5,687.75,685.35,686.8,372288
1273,2021-07-16 15:20:00+05:30,686.85,688.45,685.6,688.35,321159
1274,2021-07-16 15:25:00+05:30,688.1,689.55,688.0,689.0,179043
1275,2021-07-19 09:15:00+05:30,686.0,687.5,680.15,687.5,636794
1276,2021-07-19 09:20:00+05:30,687.6,687.6,683.0,684.75,268915
1277,2021-07-19 09:25:00+05:30,684.65,688.0,684.5,686.45,267571
1278,2021-07-19 09:30:00+05:30,686.35,693.0,685.8,688.5,490219
1279,2021-07-19 09:35:00+05:30,688.6,688.6,686.25,686.95,192065
1280,2021-07-19 09:40:00+05:30,686.9,687.5,686.45,687.0,68415
1281,2021-07-19 09:45:00+05:30,686.9,689.2,686.9,689.0,109445
1282,2021-07-19 09:50:00+05:30,689.15,691.85,689.0,690.5,169877
1283,2021-07-19 09:55:00+05:30,690.3,691.2,690.25,690.35,89727
1284,2021-07-19 10:00:00+05:30,690.4,691.75,690.2,690.75,165213
1285,2021-07-19 10:05:00+05:30,691.0,691.0,688.8,689.3,184617
1286,2021-07-19 10:10:00+05:30,689.3,690.35,688.25,689.0,106129
1287,2021-07-19 10:15:00+05:30,688.95,690.05,688.5,689.9,65489
1288,2021-07-19 10:20:00+05:30,689.9,690.0,688.0,688.7,61103
1289,2021-07-19 10:25:00+05:30,688.85,689.0,687.1,688.1,99157
1290,2021-07-19 10:30:00+05:30,688.0,688.3,687.0,688.0,51044
1291,2021-07-19 10:35:00+05:30,687.9,689.0,687.75,688.3,60428
1292,2021-07-19 10:40:00+05:30,688.3,689.25,687.75,688.25,34433
1293,2021-07-19 10:45:00+05:30,688.25,688.7,687.9,688.25,36041
1294,2021-07-19 10:50:00+05:30,688.3,688.75,687.75,688.3,40883
1295,2021-07-19 10:55:00+05:30,688.3,688.6,687.5,688.05,41433
1296,2021-07-19 11:00:00+05:30,688.05,688.65,687.55,688.5,34938
1297,2021-07-19 11:05:00+05:30,688.5,689.15,687.9,688.65,42815
1298,2021-07-19 11:10:00+05:30,688.55,688.8,688.05,688.45,32692
1299,2021-07-19 11:15:00+05:30,688.45,688.45,687.5,687.75,33246
1300,2021-07-19 11:20:00+05:30,687.85,688.25,687.5,687.5,32536
1301,2021-07-19 11:25:00+05:30,687.5,689.1,687.5,688.3,48122
1302,2021-07-19 11:30:00+05:30,688.3,690.55,688.15,689.9,82574
1303,2021-07-19 11:35:00+05:30,690.0,690.25,689.05,689.8,52724
1304,2021-07-19 11:40:00+05:30,689.8,690.95,689.55,689.7,59549
1305,2021-07-19 11:45:00+05:30,689.7,689.9,689.0,689.7,34910
1306,2021-07-19 11:50:00+05:30,689.6,690.1,688.85,689.85,54353
1307,2021-07-19 11:55:00+05:30,689.75,690.6,689.55,689.95,47624
1308,2021-07-19 12:00:00+05:30,689.95,691.0,689.9,690.5,91672
1309,2021-07-19 12:05:00+05:30,690.4,691.0,689.55,690.2,72801
1310,2021-07-19 12:10:00+05:30,690.2,690.25,688.05,689.0,67748
1311,2021-07-19 12:15:00+05:30,688.7,689.15,688.15,688.65,29333
1312,2021-07-19 12:20:00+05:30,688.65,689.0,688.2,688.35,25460
1313,2021-07-19 12:25:00+05:30,688.7,688.7,687.05,687.55,67071
1314,2021-07-19 12:30:00+05:30,687.6,687.7,686.25,686.95,103210
1315,2021-07-19 12:35:00+05:30,687.1,688.8,686.6,686.9,60766
1316,2021-07-19 12:40:00+05:30,686.6,689.3,685.25,687.6,176784
1317,2021-07-19 12:45:00+05:30,687.5,687.5,686.05,686.5,35152
1318,2021-07-19 12:50:00+05:30,686.45,686.75,685.2,685.5,82176
1319,2021-07-19 12:55:00+05:30,685.2,685.45,684.0,684.75,135331
1320,2021-07-19 13:00:00+05:30,684.7,685.35,684.7,685.25,28618
1321,2021-07-19 13:05:00+05:30,685.25,685.25,682.0,682.05,171420
1322,2021-07-19 13:10:00+05:30,682.1,683.45,681.1,683.3,134175
1323,2021-07-19 13:15:00+05:30,683.45,684.5,683.0,684.45,63424
1324,2021-07-19 13:20:00+05:30,684.45,685.0,683.8,684.55,50480
1325,2021-07-19 13:25:00+05:30,684.4,685.4,683.65,685.15,41640
1326,2021-07-19 13:30:00+05:30,685.15,686.6,671.3,675.75,917336
1327,2021-07-19 13:35:00+05:30,675.8,680.4,674.35,679.25,396097
1328,2021-07-19 13:40:00+05:30,679.25,680.0,677.1,678.2,146785
1329,2021-07-19 13:45:00+05:30,678.45,679.65,675.55,676.05,188557
1330,2021-07-19 13:50:00+05:30,676.3,677.9,672.15,672.2,256480
1331,2021-07-19 13:55:00+05:30,671.05,673.25,668.2,668.75,599445
1332,2021-07-19 14:00:00+05:30,668.7,669.85,661.45,665.55,1089821
1333,2021-07-19 14:05:00+05:30,665.25,672.5,662.25,670.95,834136
1334,2021-07-19 14:10:00+05:30,671.3,675.45,669.7,673.05,524210
1335,2021-07-19 14:15:00+05:30,673.5,673.5,670.4,671.35,204368
1336,2021-07-19 14:20:00+05:30,671.35,673.0,669.15,671.85,262401
1337,2021-07-19 14:25:00+05:30,671.8,672.2,669.6,671.85,116585
1338,2021-07-19 14:30:00+05:30,671.85,671.95,669.3,670.55,143242
1339,2021-07-19 14:35:00+05:30,670.5,670.5,667.4,668.05,276680
1340,2021-07-19 14:40:00+05:30,668.15,669.3,667.0,668.25,224715
1341,2021-07-19 14:45:00+05:30,668.25,670.75,667.8,668.95,176475
1342,2021-07-19 14:50:00+05:30,668.75,671.7,668.75,671.25,164036
1343,2021-07-19 14:55:00+05:30,671.25,672.7,670.45,672.45,229058
1344,2021-07-19 15:00:00+05:30,672.1,674.75,672.0,673.4,310218
1345,2021-07-19 15:05:00+05:30,673.5,674.35,672.0,672.3,253776
1346,2021-07-19 15:10:00+05:30,672.15,674.95,672.15,674.0,229232
1347,2021-07-19 15:15:00+05:30,674.0,674.9,672.45,674.6,288313
1348,2021-07-19 15:20:00+05:30,674.7,676.1,672.95,673.8,320860
1349,2021-07-19 15:25:00+05:30,673.75,675.05,673.2,673.85,196506
1350,2021-07-20 09:15:00+05:30,661.0,672.85,660.0,672.05,1161569
1351,2021-07-20 09:20:00+05:30,672.05,677.3,671.95,676.7,617579
1352,2021-07-20 09:25:00+05:30,676.55,677.3,669.55,670.45,441282
1353,2021-07-20 09:30:00+05:30,670.3,672.85,669.1,670.0,391835
1354,2021-07-20 09:35:00+05:30,670.05,671.65,669.6,670.8,260040
1355,2021-07-20 09:40:00+05:30,670.45,670.8,669.4,670.4,158506
1356,2021-07-20 09:45:00+05:30,670.4,673.15,670.25,670.4,163110
1357,2021-07-20 09:50:00+05:30,670.3,670.55,668.2,668.5,209049
1358,2021-07-20 09:55:00+05:30,668.45,669.75,667.65,668.7,178240
1359,2021-07-20 10:00:00+05:30,668.7,669.35,667.6,668.0,140729
1360,2021-07-20 10:05:00+05:30,668.0,668.25,667.0,667.7,142448
1361,2021-07-20 10:10:00+05:30,667.35,669.5,667.3,668.95,104355
1362,2021-07-20 10:15:00+05:30,668.95,668.95,667.0,668.0,99908
1363,2021-07-20 10:20:00+05:30,668.0,668.2,665.75,666.0,184203
1364,2021-07-20 10:25:00+05:30,666.1,666.35,664.4,664.95,270390
1365,2021-07-20 10:30:00+05:30,664.95,665.3,664.25,664.4,126425
1366,2021-07-20 10:35:00+05:30,664.4,664.9,663.1,664.0,175700
1367,2021-07-20 10:40:00+05:30,664.0,664.0,661.5,662.45,210839
1368,2021-07-20 10:45:00+05:30,662.3,663.45,661.1,663.25,168103
1369,2021-07-20 10:50:00+05:30,663.2,664.5,662.5,664.25,134723
1370,2021-07-20 10:55:00+05:30,664.35,664.4,663.5,663.5,62579
1371,2021-07-20 11:00:00+05:30,663.6,664.55,662.2,662.3,116321
1372,2021-07-20 11:05:00+05:30,662.0,662.4,661.3,661.75,133222
1373,2021-07-20 11:10:00+05:30,661.85,663.0,660.7,663.0,131933
1374,2021-07-20 11:15:00+05:30,663.0,663.85,662.1,663.4,107006
1375,2021-07-20 11:20:00+05:30,663.4,664.5,662.3,662.55,126714
1376,2021-07-20 11:25:00+05:30,662.5,663.6,662.3,663.25,78468
1377,2021-07-20 11:30:00+05:30,663.3,665.55,663.2,664.9,142695
1378,2021-07-20 11:35:00+05:30,664.55,666.75,664.5,665.95,102135
1379,2021-07-20 11:40:00+05:30,665.95,666.1,665.25,665.6,50377
1380,2021-07-20 11:45:00+05:30,665.6,665.6,664.4,665.0,58524
1381,2021-07-20 11:50:00+05:30,665.0,665.65,664.8,665.45,59861
1382,2021-07-20 11:55:00+05:30,665.6,665.9,663.7,663.9,74061
1383,2021-07-20 12:00:00+05:30,663.9,664.75,663.7,664.0,34760
1384,2021-07-20 12:05:00+05:30,664.35,664.35,663.15,663.65,65784
1385,2021-07-20 12:10:00+05:30,663.65,664.5,663.4,664.3,38414
1386,2021-07-20 12:15:00+05:30,664.4,665.2,663.6,664.0,49139
1387,2021-07-20 12:20:00+05:30,664.0,666.2,664.0,666.2,79123
1388,2021-07-20 12:25:00+05:30,666.0,667.75,665.95,667.0,127174
1389,2021-07-20 12:30:00+05:30,667.0,667.8,666.8,667.0,76643
1390,2021-07-20 12:35:00+05:30,667.0,667.45,666.35,667.0,52926
1391,2021-07-20 12:40:00+05:30,667.2,668.75,667.0,668.35,67705
1392,2021-07-20 12:45:00+05:30,668.7,669.35,667.0,667.05,96276
1393,2021-07-20 12:50:00+05:30,667.2,667.45,666.0,666.15,59922
1394,2021-07-20 12:55:00+05:30,666.35,667.55,665.9,667.45,74450
1395,2021-07-20 13:00:00+05:30,667.2,668.0,666.65,667.6,55063
1396,2021-07-20 13:05:00+05:30,667.6,668.0,666.9,667.25,52091
1397,2021-07-20 13:10:00+05:30,667.15,667.95,667.0,667.8,26499
1398,2021-07-20 13:15:00+05:30,667.95,668.5,667.5,667.8,54940
1399,2021-07-20 13:20:00+05:30,667.9,668.1,667.4,667.5,37931
1400,2021-07-20 13:25:00+05:30,667.6,668.1,666.5,667.7,61332
1401,2021-07-20 13:30:00+05:30,667.7,668.6,667.2,668.15,48210
1402,2021-07-20 13:35:00+05:30,668.15,668.8,668.0,668.55,47695
1403,2021-07-20 13:40:00+05:30,668.55,671.0,668.0,670.25,143993
1404,2021-07-20 13:45:00+05:30,670.0,670.95,670.0,670.8,69244
1405,2021-07-20 13:50:00+05:30,670.8,670.8,669.2,669.9,70033
1406,2021-07-20 13:55:00+05:30,669.7,670.0,668.25,668.8,53465
1407,2021-07-20 14:00:00+05:30,668.8,670.0,668.8,669.7,36328
1408,2021-07-20 14:05:00+05:30,669.65,674.7,669.65,674.2,222946
1409,2021-07-20 14:10:00+05:30,674.2,680.6,674.2,677.2,638092
1410,2021-07-20 14:15:00+05:30,677.2,679.9,675.25,675.65,273513
1411,2021-07-20 14:20:00+05:30,675.65,676.65,674.35,675.5,222996
1412,2021-07-20 14:25:00+05:30,675.8,676.05,674.2,675.0,90423
1413,2021-07-20 14:30:00+05:30,675.2,676.8,675.1,676.3,88690
1414,2021-07-20 14:35:00+05:30,676.3,676.75,674.5,675.3,96714
1415,2021-07-20 14:40:00+05:30,675.2,676.35,675.0,676.0,66824
1416,2021-07-20 14:45:00+05:30,675.85,676.05,674.6,676.0,118633
1417,2021-07-20 14:50:00+05:30,676.0,677.6,675.95,676.75,145911
1418,2021-07-20 14:55:00+05:30,676.75,676.9,676.0,676.55,62462
1419,2021-07-20 15:00:00+05:30,676.8,676.9,672.1,673.45,330304
1420,2021-07-20 15:05:00+05:30,673.4,673.8,671.25,672.4,231788
1421,2021-07-20 15:10:00+05:30,672.5,672.7,671.3,671.75,174938
1422,2021-07-20 15:15:00+05:30,671.65,672.0,670.65,671.45,260340
1423,2021-07-20 15:20:00+05:30,671.5,673.8,671.4,672.5,208572
1424,2021-07-20 15:25:00+05:30,672.5,672.6,671.4,671.85,80635
1425,2021-07-22 09:15:00+05:30,678.0,679.4,674.6,677.05,337065
1426,2021-07-22 09:20:00+05:30,677.2,678.85,673.4,673.7,218307
1427,2021-07-22 09:25:00+05:30,674.1,675.0,672.25,672.55,149410
1428,2021-07-22 09:30:00+05:30,672.2,674.4,671.0,673.55,217582
1429,2021-07-22 09:35:00+05:30,673.3,676.55,673.1,675.9,155071
1430,2021-07-22 09:40:00+05:30,675.75,676.8,673.3,674.2,126281
1431,2021-07-22 09:45:00+05:30,674.2,675.0,672.25,672.55,118646
1432,2021-07-22 09:50:00+05:30,672.55,672.65,671.5,671.65,82818
1433,2021-07-22 09:55:00+05:30,671.9,673.8,671.7,672.5,67378
1434,2021-07-22 10:00:00+05:30,672.5,672.5,671.3,671.95,83381
1435,2021-07-22 10:05:00+05:30,671.85,672.65,671.15,672.1,51122
1436,2021-07-22 10:10:00+05:30,672.1,672.45,670.5,670.9,72182
1437,2021-07-22 10:15:00+05:30,671.0,671.7,669.2,669.85,155219
1438,2021-07-22 10:20:00+05:30,669.85,669.85,668.2,669.2,158916
1439,2021-07-22 10:25:00+05:30,669.1,670.45,668.35,670.0,113686
1440,2021-07-22 10:30:00+05:30,669.75,669.8,668.5,668.6,70521
1441,2021-07-22 10:35:00+05:30,668.6,670.35,668.55,669.15,60104
1442,2021-07-22 10:40:00+05:30,669.15,669.6,668.65,668.75,58011
1443,2021-07-22 10:45:00+05:30,668.75,669.15,668.35,668.7,42075
1444,2021-07-22 10:50:00+05:30,668.7,668.75,667.0,667.5,100816
1445,2021-07-22 10:55:00+05:30,667.35,667.9,667.0,667.55,70447
1446,2021-07-22 11:00:00+05:30,667.75,668.6,666.7,668.35,87584
1447,2021-07-22 11:05:00+05:30,668.2,672.65,667.85,671.0,250352
1448,2021-07-22 11:10:00+05:30,670.9,672.0,670.6,671.0,69685
1449,2021-07-22 11:15:00+05:30,671.0,672.0,670.45,670.85,69174
1450,2021-07-22 11:20:00+05:30,670.85,670.9,669.0,669.5,72686
1451,2021-07-22 11:25:00+05:30,669.75,670.5,669.15,670.4,29410
1452,2021-07-22 11:30:00+05:30,670.15,670.4,668.35,668.4,56152
1453,2021-07-22 11:35:00+05:30,668.55,669.55,668.15,669.1,47061
1454,2021-07-22 11:40:00+05:30,669.1,671.55,668.9,670.7,58952
1455,2021-07-22 11:45:00+05:30,670.6,671.15,670.6,671.1,49321
1456,2021-07-22 11:50:00+05:30,671.1,671.75,670.6,670.7,31749
1457,2021-07-22 11:55:00+05:30,670.85,671.5,670.25,670.45,28483
1458,2021-07-22 12:00:00+05:30,670.25,670.45,669.7,669.95,27252
1459,2021-07-22 12:05:00+05:30,669.7,671.45,669.7,671.4,32162
1460,2021-07-22 12:10:00+05:30,671.45,671.5,670.65,670.75,23806
1461,2021-07-22 12:15:00+05:30,670.75,671.15,670.5,670.5,21649
1462,2021-07-22 12:20:00+05:30,670.5,670.75,670.05,670.5,25326
1463,2021-07-22 12:25:00+05:30,670.7,671.3,670.4,670.8,26927
1464,2021-07-22 12:30:00+05:30,670.85,671.95,670.55,671.1,38274
1465,2021-07-22 12:35:00+05:30,671.25,671.9,670.75,671.3,45969
1466,2021-07-22 12:40:00+05:30,671.3,673.65,670.8,672.9,131464
1467,2021-07-22 12:45:00+05:30,673.0,673.4,672.0,672.7,69428
1468,2021-07-22 12:50:00+05:30,672.7,672.7,671.75,672.0,33102
1469,2021-07-22 12:55:00+05:30,672.0,672.3,671.6,672.0,29370
1470,2021-07-22 13:00:00+05:30,672.0,672.15,671.05,672.1,41164
1471,2021-07-22 13:05:00+05:30,672.1,672.5,671.4,671.6,23969
1472,2021-07-22 13:10:00+05:30,671.6,671.8,670.45,671.1,34741
1473,2021-07-22 13:15:00+05:30,671.4,672.0,670.8,671.95,33634
1474,2021-07-22 13:20:00+05:30,671.95,672.5,671.7,672.0,23057
1475,2021-07-22 13:25:00+05:30,672.0,672.25,671.35,672.1,23093
1476,2021-07-22 13:30:00+05:30,672.1,673.45,671.55,673.45,56959
1477,2021-07-22 13:35:00+05:30,673.35,673.95,672.4,673.95,119206
1478,2021-07-22 13:40:00+05:30,674.0,676.55,673.05,673.35,161095
1479,2021-07-22 13:45:00+05:30,673.35,673.55,672.2,672.25,40817
1480,2021-07-22 13:50:00+05:30,672.25,673.4,672.15,672.75,30172
1481,2021-07-22 13:55:00+05:30,672.75,674.0,672.5,672.95,45734
1482,2021-07-22 14:00:00+05:30,672.95,673.55,672.75,673.5,28255
1483,2021-07-22 14:05:00+05:30,673.5,674.7,673.5,673.7,54969
1484,2021-07-22 14:10:00+05:30,673.7,674.05,673.3,673.95,41746
1485,2021-07-22 14:15:00+05:30,674.0,674.6,672.0,672.0,76603
1486,2021-07-22 14:20:00+05:30,672.2,673.75,672.1,673.05,60959
1487,2021-07-22 14:25:00+05:30,673.05,673.85,672.8,673.0,49436
1488,2021-07-22 14:30:00+05:30,673.15,674.4,673.0,673.65,55800
1489,2021-07-22 14:35:00+05:30,673.65,674.0,673.4,673.5,37815
1490,2021-07-22 14:40:00+05:30,673.45,674.9,673.3,674.9,64395
1491,2021-07-22 14:45:00+05:30,675.15,683.65,675.1,681.4,687927
1492,2021-07-22 14:50:00+05:30,681.4,686.9,680.05,686.8,541907
1493,2021-07-22 14:55:00+05:30,687.15,694.65,686.8,692.9,1011158
1494,2021-07-22 15:00:00+05:30,692.9,693.0,685.7,691.2,717436
1495,2021-07-22 15:05:00+05:30,691.2,694.85,690.8,694.0,490622
1496,2021-07-22 15:10:00+05:30,693.85,694.9,689.5,691.7,379580
1497,2021-07-22 15:15:00+05:30,691.65,693.3,691.45,693.0,414315
1498,2021-07-22 15:20:00+05:30,693.1,695.0,691.4,691.4,296519
1499,2021-07-22 15:25:00+05:30,691.45,693.0,691.15,692.5,210894
1500,2021-07-23 09:15:00+05:30,700.0,700.0,693.5,696.0,772824
1501,2021-07-23 09:20:00+05:30,696.5,697.35,692.0,692.45,353273
1502,2021-07-23 09:25:00+05:30,692.2,692.75,686.3,688.7,557422
1503,2021-07-23 09:30:00+05:30,688.5,689.05,682.3,684.65,459989
1504,2021-07-23 09:35:00+05:30,684.55,686.7,683.6,685.7,228754
1505,2021-07-23 09:40:00+05:30,685.5,686.4,683.55,683.6,187508
1506,2021-07-23 09:45:00+05:30,683.3,685.45,682.8,683.6,187785
1507,2021-07-23 09:50:00+05:30,683.5,686.85,683.4,686.45,211204
1508,2021-07-23 09:55:00+05:30,686.65,687.5,685.15,685.6,121798
1509,2021-07-23 10:00:00+05:30,685.5,687.05,683.5,683.8,124721
1510,2021-07-23 10:05:00+05:30,683.6,684.45,682.0,683.0,194048
1511,2021-07-23 10:10:00+05:30,682.95,684.25,682.75,684.05,63902
1512,2021-07-23 10:15:00+05:30,684.0,684.1,683.2,683.8,43341
1513,2021-07-23 10:20:00+05:30,683.6,683.9,682.05,682.95,60287
1514,2021-07-23 10:25:00+05:30,682.65,684.9,682.55,684.3,79266
1515,2021-07-23 10:30:00+05:30,684.5,684.6,683.5,684.15,37996
1516,2021-07-23 10:35:00+05:30,684.15,684.6,682.25,682.55,73306
1517,2021-07-23 10:40:00+05:30,682.5,682.5,680.5,680.7,154672
1518,2021-07-23 10:45:00+05:30,680.75,680.75,678.6,679.4,220560
1519,2021-07-23 10:50:00+05:30,679.4,679.7,678.25,679.5,96932
1520,2021-07-23 10:55:00+05:30,679.5,681.4,679.5,680.5,102654
1521,2021-07-23 11:00:00+05:30,680.75,682.05,680.25,681.1,81195
1522,2021-07-23 11:05:00+05:30,681.1,681.55,680.5,681.15,40668
1523,2021-07-23 11:10:00+05:30,681.4,681.5,679.05,679.4,91747
1524,2021-07-23 11:15:00+05:30,679.35,679.9,678.6,679.5,83223
1525,2021-07-23 11:20:00+05:30,679.8,681.45,679.75,681.0,57625
1526,2021-07-23 11:25:00+05:30,680.75,681.35,680.5,681.1,30074
1527,2021-07-23 11:30:00+05:30,681.1,681.3,680.5,680.8,25947
1528,2021-07-23 11:35:00+05:30,680.5,681.25,680.0,680.8,30073
1529,2021-07-23 11:40:00+05:30,680.8,681.35,680.1,680.45,39990
1530,2021-07-23 11:45:00+05:30,680.3,682.8,680.3,682.7,63223
1531,2021-07-23 11:50:00+05:30,682.7,682.7,681.65,682.4,45517
1532,2021-07-23 11:55:00+05:30,682.15,682.8,682.0,682.05,33589
1533,2021-07-23 12:00:00+05:30,682.05,683.5,681.85,683.0,52609
1534,2021-07-23 12:05:00+05:30,683.0,683.75,682.55,683.4,45655
1535,2021-07-23 12:10:00+05:30,683.4,683.6,682.0,682.25,57450
1536,2021-07-23 12:15:00+05:30,682.4,683.5,682.25,683.0,24246
1537,2021-07-23 12:20:00+05:30,683.0,683.4,682.4,682.6,18295
1538,2021-07-23 12:25:00+05:30,682.65,682.7,682.0,682.45,32767
1539,2021-07-23 12:30:00+05:30,682.2,682.5,679.5,680.6,79186
1540,2021-07-23 12:35:00+05:30,680.6,681.8,679.6,681.45,49182
1541,2021-07-23 12:40:00+05:30,681.5,681.85,681.15,681.35,15115
1542,2021-07-23 12:45:00+05:30,681.35,682.0,681.15,681.4,21761
1543,2021-07-23 12:50:00+05:30,681.45,681.8,681.0,681.6,18294
1544,2021-07-23 12:55:00+05:30,681.65,681.85,680.7,681.15,27472
1545,2021-07-23 13:00:00+05:30,681.15,681.9,680.9,681.6,19365
1546,2021-07-23 13:05:00+05:30,681.6,682.0,681.0,681.25,18689
1547,2021-07-23 13:10:00+05:30,681.25,683.5,680.7,683.4,79763
1548,2021-07-23 13:15:00+05:30,683.4,685.65,682.55,682.7,182123
1549,2021-07-23 13:20:00+05:30,682.65,683.9,682.1,683.45,55166
1550,2021-07-23 13:25:00+05:30,683.45,683.5,682.6,682.7,26131
1551,2021-07-23 13:30:00+05:30,682.7,683.4,682.5,683.25,19289
1552,2021-07-23 13:35:00+05:30,683.15,685.5,683.0,684.95,120136
1553,2021-07-23 13:40:00+05:30,685.0,685.5,684.0,684.55,52183
1554,2021-07-23 13:45:00+05:30,684.55,686.25,684.4,685.5,89847
1555,2021-07-23 13:50:00+05:30,685.6,687.5,685.5,686.75,190497
1556,2021-07-23 13:55:00+05:30,687.1,688.45,686.05,686.55,186081
1557,2021-07-23 14:00:00+05:30,686.6,687.45,685.5,686.0,72576
1558,2021-07-23 14:05:00+05:30,686.25,686.25,683.0,684.1,135174
1559,2021-07-23 14:10:00+05:30,684.05,685.4,683.0,684.9,76052
1560,2021-07-23 14:15:00+05:30,684.7,684.9,683.3,683.45,42412
1561,2021-07-23 14:20:00+05:30,683.7,684.5,683.05,684.05,47337
1562,2021-07-23 14:25:00+05:30,684.05,684.3,683.5,683.9,38396
1563,2021-07-23 14:30:00+05:30,684.1,685.1,683.95,684.65,56092
1564,2021-07-23 14:35:00+05:30,685.1,686.25,684.7,685.3,59797
1565,2021-07-23 14:40:00+05:30,685.5,687.0,683.5,684.0,119035
1566,2021-07-23 14:45:00+05:30,684.0,685.0,683.15,684.5,71410
1567,2021-07-23 14:50:00+05:30,684.5,685.05,683.3,683.3,69556
1568,2021-07-23 14:55:00+05:30,683.6,683.65,681.3,682.6,180138
1569,2021-07-23 15:00:00+05:30,682.6,683.4,681.8,682.6,93109
1570,2021-07-23 15:05:00+05:30,682.6,682.75,680.1,681.3,229629
1571,2021-07-23 15:10:00+05:30,681.45,681.9,680.5,680.9,167450
1572,2021-07-23 15:15:00+05:30,680.95,681.45,678.85,679.3,290605
1573,2021-07-23 15:20:00+05:30,679.3,679.5,677.25,678.9,286524
1574,2021-07-23 15:25:00+05:30,678.9,679.0,677.7,678.8,170478
